iso3,country,frech_contribution_per_capita_usd_pub,frech_contribution_usd_bn,kolchinsky_freeriding_index_pct,pharma_rd_pct_gdp_assoc,price_index_all_us100,price_index_all_usnet_us100,price_index_brand_us100,rand_sales_2022_usd_bn,reimb_delay_years,reimb_share_2023_pct,rev_share_all_innov_pct,rev_share_new_innov_pct,rev_to_gdp_ratio_all_innov,rev_to_gdp_ratio_new_innov,rev_to_pop_ratio_all_innov,wait_availability_pct,wait_mean_days,wait_median_days,gdp_pc_ppp_usd,gdp_pc_ppp_usd_year,gdp_pc_usd,gdp_pc_usd_year,population,population_year,gdp_ppp_usd,gdp_ppp_usd_year,gdp_usd,gdp_usd_year,population_2018,pharma_berd_usd_ppp_m,pharma_berd_year,total_berd_usd_ppp_m,total_berd_year,gdp_ppp_usd_berd_year,pharma_berd_pct_gdp,pharma_share_of_berd_pct,pharma_berd_source,rd_tax_subsidy_large,rd_tax_subsidy_large_year,rd_tax_subsidy_sme,rd_tax_subsidy_sme_year,industry_trials_2023_2025,industry_trials_per_million,reimb_delay_imputed,reimb_share_wait_mix,reimb_delay_wait_mix,gbard_health_usd_ppp_m,gbard_health_year,gbard_health_pct_gdp,price_index_income_adj,price_index_brand_income_adj,rev_to_gdp_ratio_progressive,price_index_us_net,price_index_brand_us_net,rev_to_gdp_ratio_us_net,frech_contribution_per_capita_usd
USA,United States,998.01,326.4,,0.391,100.0,100.0,100.0,617.2,0.0,100.0,66.98,79.87,1.94,2.32,2.72,,,,90026.5163005744,2025,90026.5163005744,2025,341784857.0,2025,30769700000000.0,2025,30769700000000.0,2025,328529577.0,117520.0,2022.0,705060.0,2022,26054614000000.0,0.4510525467773194,16.668084985674977,OECD BERD ISIC C21,0.07,2025,0.07,2025,7385,7.202386578135223,0.0,100.0,0.0,50453.0,2023,0.18141045668238875,100.0,100.0,1.94,100.0,100.0,1.8249232128626118,998.01
JPN,Japan,317.57,40.4,58.1,0.262,28.81,46.25,21.54,64.9,2.0,56.4,5.83,5.46,0.73,0.68,0.63,,,,55421.8797530311,2025,35951.0449549304,2025,123366734.0,2025,6837216297272.17,2025,4435162999976.94,2025,126811000.0,16149.6678,2023.0,169200.9882,2023,6565294640128.01,0.24598542312619065,9.54466517707962,OECD BERD ISIC C21,0.17,2025,0.2,2025,1271,3.434205096705135,3.9620000000000006,56.4,2.0,4235.893015,2023,0.06451946557142496,46.79855584432242,34.98927083952464,0.8443638239476547,46.24398073836276,34.57463884430177,1.1022438362675666,317.57
DEU,Germany,264.17,22.0,63.5,0.248,33.99,54.56,25.84,46.5,1.11,72.9,4.32,3.35,0.58,0.45,0.71,92.9,158.0,56.0,75406.6888111618,2025,60496.4350820414,2025,83491249.0,2025,6295798631798.23,2025,5050922925047.05,2025,82905782.0,7820.993067,2021.0,107204.6073,2021,5210634826523.96,0.15009674113389027,7.295388942672802,OECD BERD ISIC C21,0.22,2025,0.32,2025,1859,7.421935521250457,2.5706899999999995,92.9,0.432580424366872,3584.84626,2023,0.0595635497263306,40.57997158209098,30.849851888238625,0.611668570689291,54.558587479935795,41.476725521669344,0.8757553767605326,264.17
FRA,France,217.89,14.6,63.6,0.209,30.64,49.18,22.47,37.5,2.28,62.2,3.43,1.85,0.67,0.36,0.68,59.5,633.0,520.0,63975.353585864,2025,48985.7307807924,2025,68720337.0,2025,4396407858114.73,2025,3366315927447.33,2025,67158348.0,3012.272804,2023.0,57326.76965,2023,4165720740902.3,0.07231096348881846,5.254565750679796,OECD BERD ISIC C21,0.36,2025,0.36,2025,1699,8.241131491152805,3.8751599999999997,59.5,1.73305954825462,1326.570234,2023,0.03184491511816184,43.116798967705876,31.619924047139392,0.7423045587162023,49.181380417335475,36.067415730337075,1.011648452464753,217.89
GBR,United Kingdom,167.31,11.2,57.2,0.322,37.03,59.44,25.99,31.6,2.34,64.0,2.78,1.95,0.56,0.39,0.56,60.7,388.0,282.0,64606.4955066338,2025,57601.9621201954,2025,69487000.0,2025,4489311553269.46,2025,4002587541846.01,2025,66287000.0,14003.0,2024.0,73116.12651,2023,4165470729171.24,0.322,0.9148488952139924,ONS_BERD2024_ABPI,0.18,2025,0.18,2025,1795,8.610723348731897,3.8376,60.7,1.0622861054072552,4745.253916,2023,0.11391879152501243,51.599794609939295,36.216004912566085,0.6186091012913256,59.438202247191015,41.717495987158905,0.8455569154929281,167.31
ITA,Italy,276.58,16.8,52.6,0.104,37.31,59.89,28.15,33.0,2.21,68.0,3.25,1.45,0.76,0.34,0.75,79.2,441.0,393.0,62802.5108384276,2025,43308.6403060733,2025,58915656.0,2025,3700051124493.07,2025,2551556954100.35,2025,59877221.0,1351.032951,2023.0,27490.51838,2023,3559677647109.66,0.03795380045429096,4.914541560565508,OECD BERD ISIC C21,0.09,2025,0.09,2025,1538,8.701705140424247,3.5827999999999998,79.2,1.2073921971252566,2666.605279,2023,0.07491142579062446,53.483360431493985,40.352629218615796,0.8467040236364805,59.88764044943821,45.184590690208665,1.1475415281689736,276.58
CAN,Canada,285.69,10.6,50.4,0.042,43.68,70.12,30.86,26.6,3.13,36.4,2.35,0.98,0.74,0.31,0.81,,,,66745.8248561648,2025,55697.6639660837,2025,41651653.0,2025,2780073936107.75,2025,2319899772425.92,2025,37072620.0,531.4015754,2022.0,26399.89134,2022,2501262353907.96,0.02124533536315136,2.012893040187793,OECD BERD ISIC C21,0.14,2025,0.33,2025,1685,13.484858972263757,5.27332,36.4,3.13,1882.907024,2023,0.07237283319891119,58.9154189117177,41.623851364826194,0.8094977050094555,70.11235955056179,49.534510433386835,1.117343066901369,285.69
CHE,Switzerland,354.11,3.02,,1.055,45.69,73.34,29.47,6.5,2.17,54.2,0.62,0.29,0.61,0.29,0.95,76.2,445.0,212.0,102513.347221899,2025,114769.012314293,2025,9092436.0,2025,932096048760.891,2025,1043529899250.92,2025,8514329.0,5501.986081,2023.0,17975.79187,2023,835013969788.183,0.6589094649992122,30.607753587658777,OECD BERD ISIC C21,-0.01,2025,-0.01,2025,392,14.37091959367838,4.15314,76.2,1.218343600273785,18.41817747,2023,0.0022057328543463907,40.124643680491914,25.880351264261257,0.5866875121736067,73.33868378812198,47.30337078651685,0.9210530686619395,354.11
AUS,Australia,181.5,4.52,69.9,0.035,27.04,43.4,19.98,10.9,2.87,44.4,1.09,0.98,0.49,0.44,0.57,,,,71934.4033931263,2025,65129.7227990563,2025,27614411.0,2025,1986426180337.58,2025,1798518933689.21,2025,24963258.0,694.0,2024.0,14789.09755,2021,,0.035,,ABS_BERD2023_24,0.1,2025,0.22,2025,1781,21.498436691865948,4.88828,44.4,2.87,1399.482256,2023,0.07263303421316873,33.84078946848043,25.005139555482216,0.524114553996786,43.402889245585875,32.07062600321027,0.739862301056312,181.5
KOR,South Korea,66.82,3.42,,0.106,25.56,41.02,14.23,15.3,3.22,36.4,0.83,0.21,0.21,0.05,0.22,,,,63124.9152183625,2025,36226.9663637512,2025,51684564.0,2025,3262583720598.03,2025,1872374961553.15,2025,51585058.0,3133.965623,2023.0,113831.2312,2023,2969845527350.41,0.1055262165704629,2.7531685197128923,OECD BERD ISIC C21,0.06,2025,0.26,2025,1481,9.551530059664751,5.306080000000001,36.4,3.22,2977.633537,2023,0.10026223618628873,36.45276589572857,20.294321545235427,0.23359857321228583,41.02728731942215,22.841091492776886,0.31708384330984796,66.82
