iso3,country,FRI_headline,FRI_rank,Kolchinsky_Freeriding_Index_pct,ASPE_rev_to_GDP_ratio_all_innov,ASPE_rev_to_pop_ratio_all_innov,Frech2026_contribution_per_capita_usd,PC1_score
JPN,Japan,42.72782835435618,5,58.1,0.73,0.63,318.58434993809686,-0.5831732992438988
DEU,Germany,28.54138000271071,8,63.5,0.58,0.71,265.3614677924394,-1.8521650697636858
FRA,France,48.714340236819055,4,63.6,0.67,0.68,217.39665186523052,-0.2942327743720012
GBR,United Kingdom,40.23208066888381,6,57.2,0.56,0.56,168.96223995655257,-0.6114593487219616
ITA,Italy,35.846589747047446,7,52.6,0.76,0.75,280.57414354617424,-1.3292660081922676
CAN,Canada,59.87419215855235,3,50.4,0.74,0.81,285.9253001271558,0.5644007862605128
CHE,Switzerland,27.420191852860142,9,,0.61,0.95,,-1.2085506561396122
AUS,Australia,74.7704633386253,2,69.9,0.49,0.57,,1.7202318544970496
KOR,South Korea,97.35657449461948,1,,0.21,0.22,,3.5942145156758647
