iso3,country,P,R,A,D,I,gdp_pc_ppp_usd,pharma_berd_year
USA,United States,100.0,1.94,100.0,0.0,0.533,90026.5163005744,2023.0
JPN,Japan,51.03,0.73,56.4,2.0,0.262,55421.8797530311,2024.0
DEU,Germany,44.86,0.58,72.9,1.11,0.248,75406.6888111618,2024.0
FRA,France,40.34,0.67,62.2,2.28,0.209,63975.353585864,2023.0
GBR,United Kingdom,38.21,0.56,64.0,2.34,0.322,64606.4955066338,2024.0
ITA,Italy,39.97,0.76,68.0,2.21,0.104,62802.5108384276,2024.0
CAN,Canada,47.63,0.74,36.4,3.13,0.0212453353631513,66745.8248561648,2022.0
CHE,Switzerland,55.74,0.61,54.2,2.17,0.6589094649992122,102513.347221899,2023.0
AUS,Australia,36.3,0.49,44.4,2.87,0.035,71934.4033931263,2024.0
KOR,South Korea,33.64,0.21,36.4,3.22,0.1055262165704629,63124.9152183625,2023.0
