iso3,country,rank_median,rank_p05,rank_p95,rank_mode,share_top3,share_bottom3,score_mean,score_p05,score_p95
JPN,Japan,7.0,3.0,9.0,8,0.0909,0.5396,33.2420306705635,8.68793445095611,56.190115270806835
DEU,Germany,8.0,5.0,9.0,9,0.0063,0.8784,22.07729992210082,2.660478801797673,44.81026145203715
FRA,France,4.0,3.0,7.0,4,0.2072,0.0729,45.455089489434584,26.820047409700088,62.209572491305785
GBR,United Kingdom,5.0,3.0,8.0,6,0.1765,0.2034,41.78080210744334,21.731033430763784,61.20073538990839
ITA,Italy,6.0,3.0,9.0,6,0.0523,0.4108,36.99323963426684,10.27110945901882,60.27367802397148
CAN,Canada,3.0,2.0,8.0,3,0.6089,0.1462,53.367427921546,13.664149230343455,84.0804140057464
CHE,Switzerland,7.0,4.0,9.0,9,0.0352,0.6841,27.566021149653622,4.368033943326976,50.33948889601995
AUS,Australia,2.0,2.0,7.0,2,0.8346,0.0617,62.6951959927147,30.201449044904418,85.38219828352317
KOR,South Korea,1.0,1.0,2.0,1,0.9881,0.0029,85.86305421575746,66.73528480851927,98.85088487064684
