,spearman_vs_headline
S0 Equal weights (headline),0.9999999999999999
S1 Domain weights (1/3 each domain),0.9999999999999999
"S2 Payment-only (P,R)",0.7818181818181817
"S3 Access-only (A,D)",0.7212121212121211
S4 Price only (P),0.8060606060606059
S5 Geometric aggregation,0.9999999999999999
S6 z-score normalisation,0.9999999999999999
S7 Rank normalisation,0.9422535927041001
S8 Income-adjusted price,0.9636363636363635
S9 New-drug revenue ratio,0.9878787878787878
S10 Excluding United States (rescaled),0.9833333333333333
S11 Association-basis pharma R&D,0.9878787878787878
drop_P,0.9757575757575757
drop_R,0.9878787878787878
drop_A,0.9878787878787878
drop_D,0.9636363636363635
drop_I,0.8787878787878788
