iso3,country,rank_median,rank_p05,rank_p95,rank_mode,p_top3,p_bottom3,score_mean,score_p05,score_p95
JPN,Japan,7.0,5.0,9.0,7,0.0008,0.7437,30.90753254195417,12.213908858017334,45.02166454782445
DEU,Germany,8.0,5.0,9.0,9,0.005,0.8333,26.218832869311225,3.9762973308231673,46.81937931722155
FRA,France,4.0,3.0,6.0,4,0.1166,0.04,47.995137645220666,31.864069000021246,63.56931755402292
GBR,United Kingdom,5.0,3.0,7.0,4,0.2086,0.1261,45.88608019954027,27.280451411861577,61.300436483015716
ITA,Italy,6.0,4.0,9.0,6,0.0311,0.3338,38.999168219786554,9.907808159225583,61.04143574911214
CAN,Canada,3.0,2.0,7.0,3,0.6377,0.0792,56.92138089091148,24.642448338985268,84.55347663556748
CHE,Switzerland,8.0,5.0,9.0,9,0.0033,0.8439,22.132848970261772,3.3800029820502,42.95435651396655
AUS,Australia,2.0,1.0,3.0,2,0.9995,0.0,74.867550369957,62.93488246230903,87.79944658872971
KOR,South Korea,1.0,1.0,2.0,1,0.9974,0.0,85.99626551150244,69.81762828617032,98.80319790684632
