iso3,country,PC1,PC2,PC3,PC4,PC5
JPN,Japan,-0.5831732992438988,-0.24623241183495387,0.1383543370251746,1.0184244511020886,-0.2099788657156434
DEU,Germany,-1.8521650697636858,-1.2598168383319563,0.9146524717401585,-0.5159830300004027,-0.5498457708591306
FRA,France,-0.2942327743720012,-0.02098842247886556,0.8762841490496364,0.3194068920848509,0.27174206053286076
GBR,United Kingdom,-0.6114593487219616,-0.4526703501485599,-0.5082929847332317,-0.31558436858092076,0.5043088686320568
ITA,Italy,-1.3292660081922676,0.718885594844267,0.9441412799703255,-0.17509519795030448,0.39907778138263766
CAN,Canada,0.5644007862605128,2.5424450273560995,-0.26161431724121786,-0.23555994044059,-0.3194299399143966
CHE,Switzerland,-1.2085506561396122,-0.32953771783003627,-2.3806409101414796,0.02160329378252511,-0.0451719697514571
AUS,Australia,1.7202318544970496,0.1150402429152607,0.3995054153855217,0.06038402036893538,-0.04582191500673124
KOR,South Korea,3.5942145156758647,-1.0671251244912539,-0.12238944105488539,-0.17759612036618214,-0.004880249300197287
