iso3,country,P,R,A,D,I
JPN,Japan,11.208659049909802,1.090909090909092,9.041095890410961,8.436018957345969,12.951145365780352
DEU,Germany,6.037282020444978,6.545454545454547,0.0,0.0,15.958643436811183
FRA,France,10.090198436560433,3.272727272727272,5.863013698630137,11.090047393364923,18.398353435536286
GBR,United Kingdom,5.856885147324115,7.272727272727271,4.876712328767125,11.658767772511844,10.566988147553454
ITA,Italy,3.2591701743836454,0.0,2.684931506849318,10.426540284360186,19.475947781454302
CAN,Canada,0.0,0.7272727272727277,20.0,19.146919431279613,20.0
CHE,Switzerland,1.6716776909200248,5.454545454545455,10.246575342465754,10.047393364928906,0.0
AUS,Australia,13.084786530366808,9.818181818181818,15.616438356164384,16.6824644549763,19.568592178935987
KOR,South Korea,20.0,20.0,20.0,20.0,17.356574494619483
