iso3,country,P,R,A,D,I,FRI,rank
KOR,South Korea,100.0,100.0,100.0,100.0,86.78287247309741,97.35657449461948,1
AUS,Australia,95.9915611814346,83.8150289017341,87.42138364779875,89.13043478260869,97.84296089467993,90.84027388165121,2
CAN,Canada,78.91802290536467,69.36416184971098,100.0,97.20496894409936,100.0,89.097430739835,3
FRA,France,89.90355635925256,73.41040462427746,59.43396226415094,70.80745341614906,91.99176717768142,77.1094287683023,4
ITA,Italy,90.46112115732369,68.20809248554913,50.314465408805034,68.6335403726708,97.3797389072715,74.99939166632403,5
GBR,United Kingdom,93.11332127787824,79.76878612716763,56.60377358490566,72.67080745341615,52.83494073776727,70.998325836227,6
JPN,Japan,73.79445449065702,69.94219653179191,68.55345911949685,62.11180124223602,64.75572682890176,67.83152764261672,7
DEU,Germany,83.09222423146474,78.61271676300578,42.61006289308175,34.47204968944099,79.79321718405592,63.71605415220984,8
CHE,Switzerland,66.69680530440024,76.878612716763,72.0125786163522,67.39130434782608,0.0,56.595860197068305,9
USA,United States,0.0,0.0,0.0,0.0,32.59661451249025,6.51932290249805,10
