iso3,country,rev_share_pct,ratio,multiple_to_parity,gap_pp_of_OECD_innovative_revenue
JPN,Japan,5.83,0.73,1.36986301369863,2.156301369863013
DEU,Germany,4.32,0.58,1.7241379310344829,3.1282758620689664
FRA,France,3.43,0.67,1.4925373134328357,1.6894029850746264
GBR,United Kingdom,2.78,0.56,1.7857142857142856,2.1842857142857137
ITA,Italy,3.25,0.76,1.3157894736842106,1.0263157894736845
CAN,Canada,2.35,0.74,1.3513513513513513,0.8256756756756756
CHE,Switzerland,0.62,0.61,1.639344262295082,0.39639344262295084
AUS,Australia,1.09,0.49,2.0408163265306123,1.1344897959183675
KOR,South Korea,0.83,0.21,4.761904761904762,3.122380952380952
