iso3,country,rank1,rank2,rank3,rank4,rank5,rank6,rank7,rank8,rank9,rank10
USA,United States,0.0,0.0,0.0,0.0,0.0,0.0,0.0,0.0,0.0097,0.9903
JPN,Japan,0.0,0.0,0.0,0.045,0.0657,0.1878,0.387,0.2474,0.0671,0.0
DEU,Germany,0.0,0.0,0.0038,0.0115,0.0244,0.071,0.186,0.4012,0.3021,0.0
FRA,France,0.0,0.0003,0.0323,0.3054,0.4421,0.167,0.0406,0.0108,0.0015,0.0
GBR,United Kingdom,0.0,0.0016,0.1045,0.2356,0.1924,0.2688,0.1466,0.0489,0.0016,0.0
ITA,Italy,0.0,0.0004,0.0208,0.3079,0.195,0.2148,0.1289,0.0946,0.0376,0.0
CAN,Canada,0.0794,0.1979,0.5586,0.0653,0.04,0.0324,0.0162,0.007,0.0032,0.0
CHE,Switzerland,0.0,0.0,0.0012,0.0285,0.0404,0.0582,0.0947,0.1901,0.5772,0.0097
AUS,Australia,0.0838,0.6831,0.2329,0.0002,0.0,0.0,0.0,0.0,0.0,0.0
KOR,South Korea,0.8368,0.1167,0.0459,0.0006,0.0,0.0,0.0,0.0,0.0,0.0
