comparison,spearman,n,ci95_low,ci95_high,perm_p
Headline vs Kolchinsky-Xie,0.25,7,-0.6197426743265523,0.8441422231001706,0.6007
Headline vs ASPE revenue/GDP (inverted),0.35,9,-0.4092607307135305,0.8228598728255918,0.35115
Headline vs ASPE revenue/population (inverted),0.6,9,-0.10661276127810829,0.9039326798044555,0.0945
Headline vs Frech per-capita contribution (inverted),0.5666666666666667,9,-0.15627634447975292,0.8942531148832377,0.11775
Component P vs Kolchinsky-Xie,0.8928571428571429,7,0.4266874859106272,0.9841798992023629,0.01155
Component R vs Kolchinsky-Xie,0.7142857142857144,7,-0.083922407593041,0.9541241920050917,0.0864
Component A vs Kolchinsky-Xie,-0.03571428571428572,7,-0.768121403450303,0.7371781818174244,0.96355
Component D vs Kolchinsky-Xie,-0.1785714285714286,7,-0.8212049340257263,0.6637534169283781,0.71415
Component I vs Kolchinsky-Xie,-0.10714285714285716,7,-0.7959842677758504,0.7026138943078593,0.8383
"Adoption sub-index (A,D) vs Kolchinsky-Xie",-0.03571428571428572,7,-0.768121403450303,0.7371781818174244,0.96355
"Payment sub-index (P,R) vs Kolchinsky-Xie",0.8928571428571429,7,0.4266874859106272,0.9841798992023629,0.01225
