iso3,country,S0 Equal weights (headline),S1 Domain weights (1/3 each domain),"S2 Payment-only (P,R)","S3 Access-only (A,D)",S4 Price only (P),S5 Geometric aggregation,S6 z-score normalisation,S7 Rank normalisation,S8 Income-adjusted price,S9 New-drug revenue ratio,S10 Excluding United States (rescaled),S11 Association-basis pharma R&D,drop_P,drop_R,drop_A,drop_D,drop_I
AUS,Australia,90.84027388165121,92.00738838382267,89.90329504158436,88.27590921520371,95.9915611814346,90.68879321110904,64.99587480890696,84.44444444444446,91.64196164536429,90.64114475328677,79.27843698925398,91.27168170271523,89.55245205670536,92.59658512663049,91.69499644011432,91.26773365641185,89.08960212839403
CAN,Canada,89.097430739835,90.91452561652916,74.14109237753783,98.60248447204968,78.91802290536467,88.15680402693418,63.38157121560911,67.77777777777777,86.41871070402922,92.93384947121439,67.21355867438945,88.96017583787422,91.64228269845259,94.03074796236601,86.37178842479375,87.0705461887689,86.37178842479375
CHE,Switzerland,56.595860197068305,47.16321683089025,71.78770901058162,69.70194148208914,66.69680530440024,29.484353624291607,41.965428491683525,33.333333333333336,61.96615246899253,59.10560020878179,25.748514161940115,56.595860197068305,54.07062392023532,51.525172067144624,52.74168059224733,53.89699915937886,70.74482524633538
DEU,Germany,63.71605415220984,66.39558132418418,80.85247049723526,38.54105629126137,83.09222423146474,59.88597102233185,45.99360066012147,35.55555555555556,64.11881142458583,64.46928172471883,32.35025182841958,63.58094012716336,58.87201163239611,59.99188849951085,68.99255196699185,71.02705526790206,59.69676339424832
FRA,France,77.1094287683023,79.58981850319881,81.65698049176501,65.12070784015,89.90355635925256,76.12975060403473,55.17732769932578,53.333333333333336,74.97372716909044,79.69607031040715,52.56079338396903,75.29931062688365,73.91089687056473,78.0341848043085,81.52829539434013,78.68492260634059,73.3888441659575
GBR,United Kingdom,70.998325836227,67.9710949864837,86.44105370252294,64.6372905191609,93.11332127787824,69.45974254515951,51.54916326238102,55.55555555555556,69.51171297076435,72.04897389713707,50.239448915224855,74.80388670828138,65.46957697581418,68.80571076349183,74.59696389905733,70.5802054319297,75.53917211084192
ITA,Italy,74.99939166632403,78.72944953981528,79.33460682143641,59.474002890737914,90.46112115732369,73.04086267634483,53.517086432674034,44.44444444444444,72.55802967860484,78.80270708991905,46.85891278533349,74.17050270839914,71.13395929357412,76.69721646151775,81.17062323070378,76.59085448973734,69.40430485608715
JPN,Japan,67.83152764261672,67.31889417366422,71.86832551122447,65.33263018086643,73.79445449065702,67.71117643482555,48.884440295552,33.333333333333336,59.34257081070555,68.29242754330679,35.781612743360405,70.42940188467949,66.34079593060663,67.3038604203229,67.65104477339668,69.26145924271188,68.60047784604544
KOR,South Korea,97.35657449461948,95.5942908243658,100.0,100.0,100.0,97.206233891364,70.06916456128471,90.0,96.42331221949503,97.35657449461948,97.35657449461948,98.6078431372549,96.69571811827436,96.69571811827436,96.69571811827436,96.69571811827436,100.0
USA,United States,6.51932290249805,10.865538170830082,0.0,0.0,0.0,1.0195708950766336,4.4663425724614285,2.2222222222222223,6.51932290249805,6.51932290249805,,13.019607843137255,8.149153628122562,8.149153628122562,8.149153628122562,8.149153628122562,0.0
