iso3,country,rank1,rank2,rank3,rank4,rank5,rank6,rank7,rank8,rank9
JPN,Japan,0.0061,0.0248,0.0605,0.1075,0.1137,0.151,0.2033,0.218,0.1151
DEU,Germany,0.0002,0.0011,0.0052,0.018,0.0299,0.0691,0.163,0.2644,0.4491
FRA,France,0.0036,0.038,0.1673,0.3317,0.2469,0.1315,0.058,0.0195,0.0035
GBR,United Kingdom,0.0036,0.0355,0.143,0.1839,0.2081,0.2211,0.1291,0.0574,0.0183
ITA,Italy,0.0008,0.0125,0.041,0.1441,0.1951,0.1988,0.1713,0.1609,0.0755
CAN,Canada,0.0456,0.2701,0.2861,0.093,0.0774,0.0809,0.0618,0.0488,0.0363
CHE,Switzerland,0.001,0.0069,0.0282,0.0719,0.0894,0.1213,0.1882,0.2126,0.2805
AUS,Australia,0.0513,0.5353,0.2448,0.0447,0.0363,0.025,0.0241,0.0178,0.0207
KOR,South Korea,0.8878,0.0758,0.0239,0.0052,0.0032,0.0013,0.0012,0.0006,0.001
