"iso3","country","operational_meaning_of_public_reimbursement","what_the_interval_contains","not_captured"
"USA","United States","US launch (reference market)","Reference values: A = 100%, D = 0 years by construction","Formulary placement, prior authorisation and cost-sharing are not captured"
"JPN","Japan","NHI price listing (quarterly), which follows PMDA approval within 60 days (at most 90)","Interval is dominated by sponsor filing timing and PMDA review, not payer decision","Drug loss: products never submitted in Japan are counted as not reimbursed"
"DEU","Germany","Market launch (reimbursable from launch; price negotiated after AMNOG benefit assessment)","Interval reflects sponsor launch timing and EMA review","Products withdrawn after a no-added-benefit rating (opt-out) count as not reimbursed only if withdrawn before 2023 in the Philipson data"
"FRA","France","Publication in the Journal Officiel (reimbursement list)","Includes HAS assessment and CEPS negotiation","Early access (accès précoce) use before listing is not counted"
"GBR","United Kingdom","Positive NICE recommendation / NHS England commissioning","Includes MHRA licensing (post-2021 national procedure) and NICE appraisal","Cancer Drugs Fund (optimised) managed access counted as limited availability in W.A.I.T.; treatment in Philipson data not stated"
"ITA","Italy","AIFA reimbursement status (class A/H) and Gazzetta Ufficiale publication","Includes EMA review, AIFA negotiation and regional formulary steps (not counted)","Law 648/1996 and 5% fund access before listing not counted"
"CAN","Canada","Public drug plans in provinces covering at least 50% of the population","Includes Health Canada review, CDA-AMC recommendation, pCPA negotiation and provincial listing","Private insurance (the main payer for working-age Canadians) and Quebec INESSS route not counted; cohort overlaps the 2019-2022 PMPRB guideline uncertainty"
"CHE","Switzerland","Inclusion in the Spezialitätenliste (FOPH)","Includes Swissmedic review and FOPH price setting","Case-by-case reimbursement under Art. 71a-b KVV counted by W.A.I.T. as limited availability (individual reimbursement), presumably not in Philipson data; W.A.I.T. uses Swissmedic authorisation date"
"AUS","Australia","PBS listing","Includes TGA registration, PBAC recommendation, price negotiation and Cabinet approval for large items","State hospital funding and special access schemes not counted"
"KOR","South Korea","HIRA positive list (reimbursement decision)","Includes MFDS review, HIRA evaluation (150 days) and NHIS negotiation (60 days)","Risk-sharing agreements and pre-listing use not separately identified"
