iso3,country,sponsor_class,trials_2023_2025
USA,United States,INDUSTRY,7385
USA,United States,ALL,24098
JPN,Japan,INDUSTRY,1271
JPN,Japan,ALL,1475
DEU,Germany,INDUSTRY,1859
DEU,Germany,ALL,2754
FRA,France,INDUSTRY,1699
FRA,France,ALL,4600
GBR,United Kingdom,INDUSTRY,1795
GBR,United Kingdom,ALL,3150
ITA,Italy,INDUSTRY,1538
ITA,Italy,ALL,3354
CAN,Canada,INDUSTRY,1685
CAN,Canada,ALL,3987
CHE,Switzerland,INDUSTRY,392
CHE,Switzerland,ALL,1107
AUS,Australia,INDUSTRY,1781
AUS,Australia,ALL,2142
KOR,South Korea,INDUSTRY,1481
KOR,South Korea,ALL,2265
