STRUCTURE,STRUCTURE_ID,STRUCTURE_NAME,ACTION,REF_AREA,Reference area,FREQ,Frequency of observation,MEASURE,Measure,SECT_PERF,Sector of performance,SECT_FUND,Sources of funds,TYPE_COST,Type of expenditure,SIZE_CLASS,Employment size class,ACTIVITY,Economic activity,CRITERIA,Classification criteria,UNIT_MEASURE,Unit of measure,PRICE_BASE,Price base,TIME_PERIOD,Time period,OBS_VALUE,Observation value,OBS_STATUS,Observation status,OBS_STATUS_2,Observation status 2,OBS_STATUS_3,Observation status 3,AUX_OBS_STATUS,Aux observation status,AUX_OBS_STATUS_2,Aux observation status 2,AUX_OBS_STATUS_3,Aux observation status 3,CONF_STATUS,Confidentiality status,UNIT_MULT,Unit multiplier,BASE_PER,Base Period,CURRENCY,Currency,DECIMALS,Decimals
DATAFLOW,OECD.STI.STP:DSD_RDS_BERD@DF_BERD_INDU(1.0),Business enterprise R&D expenditure by industry,I,KOR,Korea,A,Annual,B,Business Enterprise Expenditure on R&D (BERD),BES,Business enterprise sector,_T,Total,_T,Total costs,_Z,Not applicable,C21,Manufacture of basic pharmaceutical products and pharmaceutical preparations,MA,Main activity,USD_PPP,"US dollars, PPP converted",V,Current prices,2022,,3125.502716,,,,,,,,,,,,,,,,6,Millions,,,USD,US dollar,3,Three
DATAFLOW,OECD.STI.STP:DSD_RDS_BERD@DF_BERD_INDU(1.0),Business enterprise R&D expenditure by industry,I,CAN,Canada,A,Annual,B,Business Enterprise Expenditure on R&D (BERD),BES,Business enterprise sector,_T,Total,_T,Total costs,_Z,Not applicable,C21,Manufacture of basic pharmaceutical products and pharmaceutical preparations,MA,Main activity,USD_PPP,"US dollars, PPP converted",V,Current prices,2022,,531.4015754,,,,,,,,,,,,,,,,6,Millions,,,USD,US dollar,3,Three
DATAFLOW,OECD.STI.STP:DSD_RDS_BERD@DF_BERD_INDU(1.0),Business enterprise R&D expenditure by industry,I,KOR,Korea,A,Annual,B,Business Enterprise Expenditure on R&D (BERD),BES,Business enterprise sector,_T,Total,_T,Total costs,_Z,Not applicable,C21,Manufacture of basic pharmaceutical products and pharmaceutical preparations,MA,Main activity,USD_PPP,"US dollars, PPP converted",V,Current prices,2021,,2864.933544,,,,,,,,,,,,,,,,6,Millions,,,USD,US dollar,3,Three
DATAFLOW,OECD.STI.STP:DSD_RDS_BERD@DF_BERD_INDU(1.0),Business enterprise R&D expenditure by industry,I,CHE,Switzerland,A,Annual,B,Business Enterprise Expenditure on R&D (BERD),BES,Business enterprise sector,_T,Total,_T,Total costs,_Z,Not applicable,C21,Manufacture of basic pharmaceutical products and pharmaceutical preparations,MA,Main activity,USD_PPP,"US dollars, PPP converted",V,Current prices,2021,,5885.906673,,,,,,,,,,,,,,,,6,Millions,,,USD,US dollar,3,Three
DATAFLOW,OECD.STI.STP:DSD_RDS_BERD@DF_BERD_INDU(1.0),Business enterprise R&D expenditure by industry,I,CAN,Canada,A,Annual,B,Business Enterprise Expenditure on R&D (BERD),BES,Business enterprise sector,_T,Total,_T,Total costs,_Z,Not applicable,C21,Manufacture of basic pharmaceutical products and pharmaceutical preparations,MA,Main activity,USD_PPP,"US dollars, PPP converted",V,Current prices,2021,,586.1664652,,,,,,,,,,,,,,,,6,Millions,,,USD,US dollar,3,Three
DATAFLOW,OECD.STI.STP:DSD_RDS_BERD@DF_BERD_INDU(1.0),Business enterprise R&D expenditure by industry,I,KOR,Korea,A,Annual,B,Business Enterprise Expenditure on R&D (BERD),BES,Business enterprise sector,_T,Total,_T,Total costs,_Z,Not applicable,C21,Manufacture of basic pharmaceutical products and pharmaceutical preparations,MA,Main activity,USD_PPP,"US dollars, PPP converted",V,Current prices,2020,,2614.008637,,,,,,,,,,,,,,,,6,Millions,,,USD,US dollar,3,Three
DATAFLOW,OECD.STI.STP:DSD_RDS_BERD@DF_BERD_INDU(1.0),Business enterprise R&D expenditure by industry,I,CAN,Canada,A,Annual,B,Business Enterprise Expenditure on R&D (BERD),BES,Business enterprise sector,_T,Total,_T,Total costs,_Z,Not applicable,C21,Manufacture of basic pharmaceutical products and pharmaceutical preparations,MA,Main activity,USD_PPP,"US dollars, PPP converted",V,Current prices,2020,,441.8781596,,,,,,,,,,,,,,,,6,Millions,,,USD,US dollar,3,Three
DATAFLOW,OECD.STI.STP:DSD_RDS_BERD@DF_BERD_INDU(1.0),Business enterprise R&D expenditure by industry,I,KOR,Korea,A,Annual,B,Business Enterprise Expenditure on R&D (BERD),BES,Business enterprise sector,_T,Total,_T,Total costs,_Z,Not applicable,C21,Manufacture of basic pharmaceutical products and pharmaceutical preparations,MA,Main activity,USD_PPP,"US dollars, PPP converted",V,Current prices,2023,,3133.965623,,,,,,,,,,,,,,,,6,Millions,,,USD,US dollar,3,Three
DATAFLOW,OECD.STI.STP:DSD_RDS_BERD@DF_BERD_INDU(1.0),Business enterprise R&D expenditure by industry,I,CHE,Switzerland,A,Annual,B,Business Enterprise Expenditure on R&D (BERD),BES,Business enterprise sector,_T,Total,_T,Total costs,_Z,Not applicable,C21,Manufacture of basic pharmaceutical products and pharmaceutical preparations,MA,Main activity,USD_PPP,"US dollars, PPP converted",V,Current prices,2023,,5501.986081,,,,,,,,,,,,,,,,6,Millions,,,USD,US dollar,3,Three
DATAFLOW,OECD.STI.STP:DSD_RDS_BERD@DF_BERD_INDU(1.0),Business enterprise R&D expenditure by industry,I,KOR,Korea,A,Annual,B,Business Enterprise Expenditure on R&D (BERD),BES,Business enterprise sector,_T,Total,_T,Total costs,_Z,Not applicable,_T,Total - all activities,MA,Main activity,USD_PPP,"US dollars, PPP converted",V,Current prices,2022,,109503.3584,,,,,,,,,,,,,,,,6,Millions,,,USD,US dollar,3,Three
DATAFLOW,OECD.STI.STP:DSD_RDS_BERD@DF_BERD_INDU(1.0),Business enterprise R&D expenditure by industry,I,USA,United States,A,Annual,B,Business Enterprise Expenditure on R&D (BERD),BES,Business enterprise sector,_T,Total,_T,Total costs,_Z,Not applicable,_T,Total - all activities,MA,Main activity,USD_PPP,"US dollars, PPP converted",V,Current prices,2022,,705060.0,,,,,,,,,,,,,,,,6,Millions,,,USD,US dollar,3,Three
DATAFLOW,OECD.STI.STP:DSD_RDS_BERD@DF_BERD_INDU(1.0),Business enterprise R&D expenditure by industry,I,JPN,Japan,A,Annual,B,Business Enterprise Expenditure on R&D (BERD),BES,Business enterprise sector,_T,Total,_T,Total costs,_Z,Not applicable,_T,Total - all activities,MA,Main activity,USD_PPP,"US dollars, PPP converted",V,Current prices,2022,,160088.9192,,,,,,,,,,,,,,,,6,Millions,,,USD,US dollar,3,Three
DATAFLOW,OECD.STI.STP:DSD_RDS_BERD@DF_BERD_INDU(1.0),Business enterprise R&D expenditure by industry,I,ITA,Italy,A,Annual,B,Business Enterprise Expenditure on R&D (BERD),BES,Business enterprise sector,_T,Total,_T,Total costs,_Z,Not applicable,_T,Total - all activities,MA,Main activity,USD_PPP,"US dollars, PPP converted",V,Current prices,2022,,27029.4838,,,,,,,,,,,,,,,,6,Millions,,,USD,US dollar,3,Three
DATAFLOW,OECD.STI.STP:DSD_RDS_BERD@DF_BERD_INDU(1.0),Business enterprise R&D expenditure by industry,I,FRA,France,A,Annual,B,Business Enterprise Expenditure on R&D (BERD),BES,Business enterprise sector,_T,Total,_T,Total costs,_Z,Not applicable,_T,Total - all activities,MA,Main activity,USD_PPP,"US dollars, PPP converted",V,Current prices,2022,,56111.42825,,,,,,,,,,,,,,,,6,Millions,,,USD,US dollar,3,Three
DATAFLOW,OECD.STI.STP:DSD_RDS_BERD@DF_BERD_INDU(1.0),Business enterprise R&D expenditure by industry,I,CAN,Canada,A,Annual,B,Business Enterprise Expenditure on R&D (BERD),BES,Business enterprise sector,_T,Total,_T,Total costs,_Z,Not applicable,_T,Total - all activities,MA,Main activity,USD_PPP,"US dollars, PPP converted",V,Current prices,2022,,26399.89134,,,,,,,,,,,,,,,,6,Millions,,,USD,US dollar,3,Three
DATAFLOW,OECD.STI.STP:DSD_RDS_BERD@DF_BERD_INDU(1.0),Business enterprise R&D expenditure by industry,I,GBR,United Kingdom,A,Annual,B,Business Enterprise Expenditure on R&D (BERD),BES,Business enterprise sector,_T,Total,_T,Total costs,_Z,Not applicable,_T,Total - all activities,MA,Main activity,USD_PPP,"US dollars, PPP converted",V,Current prices,2022,,76091.56401,,B,Time series break,,,,,,,,,,,,,6,Millions,,,USD,US dollar,3,Three
DATAFLOW,OECD.STI.STP:DSD_RDS_BERD@DF_BERD_INDU(1.0),Business enterprise R&D expenditure by industry,I,GBR,United Kingdom,A,Annual,B,Business Enterprise Expenditure on R&D (BERD),BES,Business enterprise sector,_T,Total,_T,Total costs,_Z,Not applicable,_T,Total - all activities,MA,Main activity,USD_PPP,"US dollars, PPP converted",V,Current prices,2021,,70154.90359,,P,Provisional value,,,,,,,,,,,,,6,Millions,,,USD,US dollar,3,Three
DATAFLOW,OECD.STI.STP:DSD_RDS_BERD@DF_BERD_INDU(1.0),Business enterprise R&D expenditure by industry,I,KOR,Korea,A,Annual,B,Business Enterprise Expenditure on R&D (BERD),BES,Business enterprise sector,_T,Total,_T,Total costs,_Z,Not applicable,_T,Total - all activities,MA,Main activity,USD_PPP,"US dollars, PPP converted",V,Current prices,2021,,97374.10101,,,,,,,,,,,,,,,,6,Millions,,,USD,US dollar,3,Three
DATAFLOW,OECD.STI.STP:DSD_RDS_BERD@DF_BERD_INDU(1.0),Business enterprise R&D expenditure by industry,I,USA,United States,A,Annual,B,Business Enterprise Expenditure on R&D (BERD),BES,Business enterprise sector,_T,Total,_T,Total costs,_Z,Not applicable,_T,Total - all activities,MA,Main activity,USD_PPP,"US dollars, PPP converted",V,Current prices,2021,,634163.0,,,,,,,,,,,,,,,,6,Millions,,,USD,US dollar,3,Three
DATAFLOW,OECD.STI.STP:DSD_RDS_BERD@DF_BERD_INDU(1.0),Business enterprise R&D expenditure by industry,I,CHE,Switzerland,A,Annual,B,Business Enterprise Expenditure on R&D (BERD),BES,Business enterprise sector,_T,Total,_T,Total costs,_Z,Not applicable,_T,Total - all activities,MA,Main activity,USD_PPP,"US dollars, PPP converted",V,Current prices,2021,,15875.70717,,,,,,,,,,,,,,,,6,Millions,,,USD,US dollar,3,Three
DATAFLOW,OECD.STI.STP:DSD_RDS_BERD@DF_BERD_INDU(1.0),Business enterprise R&D expenditure by industry,I,JPN,Japan,A,Annual,B,Business Enterprise Expenditure on R&D (BERD),BES,Business enterprise sector,_T,Total,_T,Total costs,_Z,Not applicable,_T,Total - all activities,MA,Main activity,USD_PPP,"US dollars, PPP converted",V,Current prices,2021,,143375.3069,,,,,,,,,,,,,,,,6,Millions,,,USD,US dollar,3,Three
DATAFLOW,OECD.STI.STP:DSD_RDS_BERD@DF_BERD_INDU(1.0),Business enterprise R&D expenditure by industry,I,FRA,France,A,Annual,B,Business Enterprise Expenditure on R&D (BERD),BES,Business enterprise sector,_T,Total,_T,Total costs,_Z,Not applicable,_T,Total - all activities,MA,Main activity,USD_PPP,"US dollars, PPP converted",V,Current prices,2021,,51818.97275,,,,,,,,,,,,,,,,6,Millions,,,USD,US dollar,3,Three
DATAFLOW,OECD.STI.STP:DSD_RDS_BERD@DF_BERD_INDU(1.0),Business enterprise R&D expenditure by industry,I,CAN,Canada,A,Annual,B,Business Enterprise Expenditure on R&D (BERD),BES,Business enterprise sector,_T,Total,_T,Total costs,_Z,Not applicable,_T,Total - all activities,MA,Main activity,USD_PPP,"US dollars, PPP converted",V,Current prices,2021,,23878.97786,,,,,,,,,,,,,,,,6,Millions,,,USD,US dollar,3,Three
DATAFLOW,OECD.STI.STP:DSD_RDS_BERD@DF_BERD_INDU(1.0),Business enterprise R&D expenditure by industry,I,AUS,Australia,A,Annual,B,Business Enterprise Expenditure on R&D (BERD),BES,Business enterprise sector,_T,Total,_T,Total costs,_Z,Not applicable,_T,Total - all activities,MA,Main activity,USD_PPP,"US dollars, PPP converted",V,Current prices,2021,,14789.09755,,,,,,,,,,,,,,,,6,Millions,,,USD,US dollar,3,Three
DATAFLOW,OECD.STI.STP:DSD_RDS_BERD@DF_BERD_INDU(1.0),Business enterprise R&D expenditure by industry,I,ITA,Italy,A,Annual,B,Business Enterprise Expenditure on R&D (BERD),BES,Business enterprise sector,_T,Total,_T,Total costs,_Z,Not applicable,_T,Total - all activities,MA,Main activity,USD_PPP,"US dollars, PPP converted",V,Current prices,2021,,25017.58089,,,,,,,,,,,,,,,,6,Millions,,,USD,US dollar,3,Three
DATAFLOW,OECD.STI.STP:DSD_RDS_BERD@DF_BERD_INDU(1.0),Business enterprise R&D expenditure by industry,I,DEU,Germany,A,Annual,B,Business Enterprise Expenditure on R&D (BERD),BES,Business enterprise sector,_T,Total,_T,Total costs,_Z,Not applicable,_T,Total - all activities,MA,Main activity,USD_PPP,"US dollars, PPP converted",V,Current prices,2021,,107204.6073,,,,,,,,,,,,,,,,6,Millions,,,USD,US dollar,3,Three
DATAFLOW,OECD.STI.STP:DSD_RDS_BERD@DF_BERD_INDU(1.0),Business enterprise R&D expenditure by industry,I,KOR,Korea,A,Annual,B,Business Enterprise Expenditure on R&D (BERD),BES,Business enterprise sector,_T,Total,_T,Total costs,_Z,Not applicable,_T,Total - all activities,MA,Main activity,USD_PPP,"US dollars, PPP converted",V,Current prices,2023,,113831.2312,,,,,,,,,,,,,,,,6,Millions,,,USD,US dollar,3,Three
DATAFLOW,OECD.STI.STP:DSD_RDS_BERD@DF_BERD_INDU(1.0),Business enterprise R&D expenditure by industry,I,GBR,United Kingdom,A,Annual,B,Business Enterprise Expenditure on R&D (BERD),BES,Business enterprise sector,_T,Total,_T,Total costs,_Z,Not applicable,_T,Total - all activities,MA,Main activity,USD_PPP,"US dollars, PPP converted",V,Current prices,2023,,73116.12651,,,,,,,,,,,,,,,,6,Millions,,,USD,US dollar,3,Three
DATAFLOW,OECD.STI.STP:DSD_RDS_BERD@DF_BERD_INDU(1.0),Business enterprise R&D expenditure by industry,I,CHE,Switzerland,A,Annual,B,Business Enterprise Expenditure on R&D (BERD),BES,Business enterprise sector,_T,Total,_T,Total costs,_Z,Not applicable,_T,Total - all activities,MA,Main activity,USD_PPP,"US dollars, PPP converted",V,Current prices,2023,,17975.79187,,,,,,,,,,,,,,,,6,Millions,,,USD,US dollar,3,Three
DATAFLOW,OECD.STI.STP:DSD_RDS_BERD@DF_BERD_INDU(1.0),Business enterprise R&D expenditure by industry,I,JPN,Japan,A,Annual,B,Business Enterprise Expenditure on R&D (BERD),BES,Business enterprise sector,_T,Total,_T,Total costs,_Z,Not applicable,_T,Total - all activities,MA,Main activity,USD_PPP,"US dollars, PPP converted",V,Current prices,2023,,169200.9882,,,,,,,,,,,,,,,,6,Millions,,,USD,US dollar,3,Three
DATAFLOW,OECD.STI.STP:DSD_RDS_BERD@DF_BERD_INDU(1.0),Business enterprise R&D expenditure by industry,I,ITA,Italy,A,Annual,B,Business Enterprise Expenditure on R&D (BERD),BES,Business enterprise sector,_T,Total,_T,Total costs,_Z,Not applicable,_T,Total - all activities,MA,Main activity,USD_PPP,"US dollars, PPP converted",V,Current prices,2023,,27490.51838,,,,,,,,,,,,,,,,6,Millions,,,USD,US dollar,3,Three
DATAFLOW,OECD.STI.STP:DSD_RDS_BERD@DF_BERD_INDU(1.0),Business enterprise R&D expenditure by industry,I,FRA,France,A,Annual,B,Business Enterprise Expenditure on R&D (BERD),BES,Business enterprise sector,_T,Total,_T,Total costs,_Z,Not applicable,_T,Total - all activities,MA,Main activity,USD_PPP,"US dollars, PPP converted",V,Current prices,2023,,57326.76965,,,,,,,,,,,,,,,,6,Millions,,,USD,US dollar,3,Three
DATAFLOW,OECD.STI.STP:DSD_RDS_BERD@DF_BERD_INDU(1.0),,I,USA,,A,,B,,BES,,_T,,_T,,_Z,,C21,,MA,,USD_PPP,,V,,2021,,103899.0,,,,,,,,,,,,,,,,6,,,,USD,,3,
DATAFLOW,OECD.STI.STP:DSD_RDS_BERD@DF_BERD_INDU(1.0),,I,USA,,A,,B,,BES,,_T,,_T,,_Z,,C21,,MA,,USD_PPP,,V,,2019,,88644.0,,,,,,,,,,,,,,,,6,,,,USD,,3,
DATAFLOW,OECD.STI.STP:DSD_RDS_BERD@DF_BERD_INDU(1.0),,I,USA,,A,,B,,BES,,_T,,_T,,_Z,,C21,,MA,,USD_PPP,,V,,2020,,92210.0,,,,,,,,,,,,,,,,6,,,,USD,,3,
DATAFLOW,OECD.STI.STP:DSD_RDS_BERD@DF_BERD_INDU(1.0),,I,USA,,A,,B,,BES,,_T,,_T,,_Z,,C21,,MA,,USD_PPP,,V,,2016,,64628.0,,,,,,,,,,,,,,,,6,,,,USD,,3,
DATAFLOW,OECD.STI.STP:DSD_RDS_BERD@DF_BERD_INDU(1.0),,I,USA,,A,,B,,BES,,_T,,_T,,_Z,,C21,,MA,,USD_PPP,,V,,2022,,117520.0,,,,,,,,,,,,,,,,6,,,,USD,,3,
DATAFLOW,OECD.STI.STP:DSD_RDS_BERD@DF_BERD_INDU(1.0),,I,USA,,A,,B,,BES,,_T,,_T,,_Z,,C21,,MA,,USD_PPP,,V,,2018,,74592.0,,,,,,,,,,,,,,,,6,,,,USD,,3,
DATAFLOW,OECD.STI.STP:DSD_RDS_BERD@DF_BERD_INDU(1.0),,I,USA,,A,,B,,BES,,_T,,_T,,_Z,,C21,,MA,,USD_PPP,,V,,2017,,66202.0,,,,,,,,,,,,,,,,6,,,,USD,,3,
DATAFLOW,OECD.STI.STP:DSD_RDS_BERD@DF_BERD_INDU(1.0),,I,USA,,A,,B,,BES,,_T,,_T,,_Z,,C21,,MA,,USD_PPP,,V,,2015,,58675.0,,,,,,,,,,,,,,,,6,,,,USD,,3,
DATAFLOW,OECD.STI.STP:DSD_RDS_BERD@DF_BERD_INDU(1.0),,I,JPN,,A,,B,,BES,,_T,,_T,,_Z,,C21,,MA,,USD_PPP,,V,,2023,,16149.6678,,,,,,,,,,,,,,,,6,,,,USD,,3,
DATAFLOW,OECD.STI.STP:DSD_RDS_BERD@DF_BERD_INDU(1.0),,I,JPN,,A,,B,,BES,,_T,,_T,,_Z,,C21,,MA,,USD_PPP,,V,,2016,,12808.70342,,,,,,,,,,,,,,,,6,,,,USD,,3,
DATAFLOW,OECD.STI.STP:DSD_RDS_BERD@DF_BERD_INDU(1.0),,I,JPN,,A,,B,,BES,,_T,,_T,,_Z,,C21,,MA,,USD_PPP,,V,,2022,,15134.28152,,,,,,,,,,,,,,,,6,,,,USD,,3,
DATAFLOW,OECD.STI.STP:DSD_RDS_BERD@DF_BERD_INDU(1.0),,I,JPN,,A,,B,,BES,,_T,,_T,,_Z,,C21,,MA,,USD_PPP,,V,,2018,,13485.80443,,,,,,,,,,,,,,,,6,,,,USD,,3,
DATAFLOW,OECD.STI.STP:DSD_RDS_BERD@DF_BERD_INDU(1.0),,I,JPN,,A,,B,,BES,,_T,,_T,,_Z,,C21,,MA,,USD_PPP,,V,,2017,,13941.68885,,,,,,,,,,,,,,,,6,,,,USD,,3,
DATAFLOW,OECD.STI.STP:DSD_RDS_BERD@DF_BERD_INDU(1.0),,I,JPN,,A,,B,,BES,,_T,,_T,,_Z,,C21,,MA,,USD_PPP,,V,,2015,,14091.13275,,,,,,,,,,,,,,,,6,,,,USD,,3,
DATAFLOW,OECD.STI.STP:DSD_RDS_BERD@DF_BERD_INDU(1.0),,I,JPN,,A,,B,,BES,,_T,,_T,,_Z,,C21,,MA,,USD_PPP,,V,,2021,,14097.50861,,,,,,,,,,,,,,,,6,,,,USD,,3,
DATAFLOW,OECD.STI.STP:DSD_RDS_BERD@DF_BERD_INDU(1.0),,I,JPN,,A,,B,,BES,,_T,,_T,,_Z,,C21,,MA,,USD_PPP,,V,,2019,,12972.328,,,,,,,,,,,,,,,,6,,,,USD,,3,
DATAFLOW,OECD.STI.STP:DSD_RDS_BERD@DF_BERD_INDU(1.0),,I,JPN,,A,,B,,BES,,_T,,_T,,_Z,,C21,,MA,,USD_PPP,,V,,2020,,13119.03054,,,,,,,,,,,,,,,,6,,,,USD,,3,
DATAFLOW,OECD.STI.STP:DSD_RDS_BERD@DF_BERD_INDU(1.0),,I,ITA,,A,,B,,BES,,_T,,_T,,_Z,,C21,,MA,,USD_PPP,,V,,2023,,1351.032951,,,,,,,,,,,,,,,,6,,,,USD,,3,
DATAFLOW,OECD.STI.STP:DSD_RDS_BERD@DF_BERD_INDU(1.0),,I,ITA,,A,,B,,BES,,_T,,_T,,_Z,,C21,,MA,,USD_PPP,,V,,2022,,1356.787475,,,,,,,,,,,,,,,,6,,,,USD,,3,
DATAFLOW,OECD.STI.STP:DSD_RDS_BERD@DF_BERD_INDU(1.0),,I,ITA,,A,,B,,BES,,_T,,_T,,_Z,,C21,,MA,,USD_PPP,,V,,2018,,895.405589,,,,,,,,,,,,,,,,6,,,,USD,,3,
DATAFLOW,OECD.STI.STP:DSD_RDS_BERD@DF_BERD_INDU(1.0),,I,ITA,,A,,B,,BES,,_T,,_T,,_Z,,C21,,MA,,USD_PPP,,V,,2016,,841.7175643,,B,,,,,,,,,,,,,,6,,,,USD,,3,
DATAFLOW,OECD.STI.STP:DSD_RDS_BERD@DF_BERD_INDU(1.0),,I,ITA,,A,,B,,BES,,_T,,_T,,_Z,,C21,,MA,,USD_PPP,,V,,2017,,868.472828,,,,,,,,,,,,,,,,6,,,,USD,,3,
DATAFLOW,OECD.STI.STP:DSD_RDS_BERD@DF_BERD_INDU(1.0),,I,ITA,,A,,B,,BES,,_T,,_T,,_Z,,C21,,MA,,USD_PPP,,V,,2015,,729.5915333,,,,,,,,,,,,,,,,6,,,,USD,,3,
DATAFLOW,OECD.STI.STP:DSD_RDS_BERD@DF_BERD_INDU(1.0),,I,ITA,,A,,B,,BES,,_T,,_T,,_Z,,C21,,MA,,USD_PPP,,V,,2021,,1236.245311,,,,,,,,,,,,,,,,6,,,,USD,,3,
DATAFLOW,OECD.STI.STP:DSD_RDS_BERD@DF_BERD_INDU(1.0),,I,ITA,,A,,B,,BES,,_T,,_T,,_Z,,C21,,MA,,USD_PPP,,V,,2019,,1013.975002,,,,,,,,,,,,,,,,6,,,,USD,,3,
DATAFLOW,OECD.STI.STP:DSD_RDS_BERD@DF_BERD_INDU(1.0),,I,ITA,,A,,B,,BES,,_T,,_T,,_Z,,C21,,MA,,USD_PPP,,V,,2020,,1193.171807,,,,,,,,,,,,,,,,6,,,,USD,,3,
DATAFLOW,OECD.STI.STP:DSD_RDS_BERD@DF_BERD_INDU(1.0),,I,GBR,,A,,B,,BES,,_T,,_T,,_Z,,C21,,MA,,USD_PPP,,V,,2023,,668.9020756,,,,,,,,,,,,,,,,6,,,,USD,,3,
DATAFLOW,OECD.STI.STP:DSD_RDS_BERD@DF_BERD_INDU(1.0),,I,GBR,,A,,B,,BES,,_T,,_T,,_Z,,C21,,MA,,USD_PPP,,V,,2022,,845.2926322,,B,,,,,,,,,,,,,,6,,,,USD,,3,
DATAFLOW,OECD.STI.STP:DSD_RDS_BERD@DF_BERD_INDU(1.0),,I,DEU,,A,,B,,BES,,_T,,_T,,_Z,,C21,,MA,,USD_PPP,,V,,2015,,5085.400064,,,,,,,,,,,,,,,,6,,,,USD,,3,
DATAFLOW,OECD.STI.STP:DSD_RDS_BERD@DF_BERD_INDU(1.0),,I,DEU,,A,,B,,BES,,_T,,_T,,_Z,,C21,,MA,,USD_PPP,,V,,2021,,7820.993067,,,,,,,,,,,,,,,,6,,,,USD,,3,
DATAFLOW,OECD.STI.STP:DSD_RDS_BERD@DF_BERD_INDU(1.0),,I,DEU,,A,,B,,BES,,_T,,_T,,_Z,,C21,,MA,,USD_PPP,,V,,2019,,7570.793713,,,,,,,,,,,,,,,,6,,,,USD,,3,
DATAFLOW,OECD.STI.STP:DSD_RDS_BERD@DF_BERD_INDU(1.0),,I,DEU,,A,,B,,BES,,_T,,_T,,_Z,,C21,,MA,,USD_PPP,,V,,2020,,7424.635679,,,,,,,,,,,,,,,,6,,,,USD,,3,
DATAFLOW,OECD.STI.STP:DSD_RDS_BERD@DF_BERD_INDU(1.0),,I,DEU,,A,,B,,BES,,_T,,_T,,_Z,,C21,,MA,,USD_PPP,,V,,2016,,6002.992628,,,,,,,,,,,,,,,,6,,,,USD,,3,
DATAFLOW,OECD.STI.STP:DSD_RDS_BERD@DF_BERD_INDU(1.0),,I,DEU,,A,,B,,BES,,_T,,_T,,_Z,,C21,,MA,,USD_PPP,,V,,2018,,7106.420199,,,,,,,,,,,,,,,,6,,,,USD,,3,
DATAFLOW,OECD.STI.STP:DSD_RDS_BERD@DF_BERD_INDU(1.0),,I,DEU,,A,,B,,BES,,_T,,_T,,_Z,,C21,,MA,,USD_PPP,,V,,2017,,6217.786762,,,,,,,,,,,,,,,,6,,,,USD,,3,
DATAFLOW,OECD.STI.STP:DSD_RDS_BERD@DF_BERD_INDU(1.0),,I,FRA,,A,,B,,BES,,_T,,_T,,_Z,,C21,,MA,,USD_PPP,,V,,2020,,1093.709238,,,,,,,,,,,,,,,,6,,,,USD,,3,
DATAFLOW,OECD.STI.STP:DSD_RDS_BERD@DF_BERD_INDU(1.0),,I,FRA,,A,,B,,BES,,_T,,_T,,_Z,,C21,,MA,,USD_PPP,,V,,2023,,3012.272804,,,,,,,,,,,,,,,,6,,,,USD,,3,
DATAFLOW,OECD.STI.STP:DSD_RDS_BERD@DF_BERD_INDU(1.0),,I,FRA,,A,,B,,BES,,_T,,_T,,_Z,,C21,,MA,,USD_PPP,,V,,2016,,1087.747328,,,,,,,,,,,,,,,,6,,,,USD,,3,
DATAFLOW,OECD.STI.STP:DSD_RDS_BERD@DF_BERD_INDU(1.0),,I,FRA,,A,,B,,BES,,_T,,_T,,_Z,,C21,,MA,,USD_PPP,,V,,2022,,3363.1703,,,,,,,,,,,,,,,,6,,,,USD,,3,
DATAFLOW,OECD.STI.STP:DSD_RDS_BERD@DF_BERD_INDU(1.0),,I,FRA,,A,,B,,BES,,_T,,_T,,_Z,,C21,,MA,,USD_PPP,,V,,2017,,1078.70898,,P,,,,,,S2,,,,,,,,6,,,,USD,,3,
DATAFLOW,OECD.STI.STP:DSD_RDS_BERD@DF_BERD_INDU(1.0),,I,FRA,,A,,B,,BES,,_T,,_T,,_Z,,C21,,MA,,USD_PPP,,V,,2021,,3104.344328,,,,,,,,,,,,,,,,6,,,,USD,,3,
