STRUCTURE,STRUCTURE_ID,STRUCTURE_NAME,ACTION,REF_AREA,Reference area,FREQ,Frequency of observation,MEASURE,Measure,UNIT_MEASURE,Unit of measure,SIZE,Firm size,PROFIT_SCENARIO,Profit scenario,TIME_PERIOD,Time period,OBS_VALUE,Observation value,PRICE_BASE,Price base,BASE_PER,Base period,OBS_STATUS,Observation status,OBS_STATUS_2,Observation status 2,OBS_STATUS_3,Observation status 3,AUX_OBS_STATUS,Aux observation status,CONF_STATUS,Confidentiality status,UNIT_MULT,Unit multiplier,CURRENCY,Currency,DECIMALS,Decimals,AUX_OBS_STATUS_2,Aux observation status 2,AUX_OBS_STATUS_3,Aux observation status 3
DATAFLOW,OECD.STI.STP:DSD_RDTAX@DF_RDSUB(1.0),Implied tax subsidy rates on R&D expenditures,I,JPN,Japan,A,Annual,RDSUB,Implied tax subsidy rates on R&D expenditures,IX,Index,SME,SME,PROFITABLE,Profitable,2025,,0.2,,_Z,Not applicable,,,,,,,,,,,,,0,Units,,,2,Two,,,,
DATAFLOW,OECD.STI.STP:DSD_RDTAX@DF_RDSUB(1.0),Implied tax subsidy rates on R&D expenditures,I,KOR,Korea,A,Annual,RDSUB,Implied tax subsidy rates on R&D expenditures,IX,Index,SME,SME,PROFITABLE,Profitable,2025,,0.26,,_Z,Not applicable,,,,,,,,,,,,,0,Units,,,2,Two,,,,
DATAFLOW,OECD.STI.STP:DSD_RDTAX@DF_RDSUB(1.0),Implied tax subsidy rates on R&D expenditures,I,GBR,United Kingdom,A,Annual,RDSUB,Implied tax subsidy rates on R&D expenditures,IX,Index,SME,SME,PROFITABLE,Profitable,2024,,0.18,,_Z,Not applicable,,,,,,,,,,,,,0,Units,,,2,Two,,,,
DATAFLOW,OECD.STI.STP:DSD_RDTAX@DF_RDSUB(1.0),Implied tax subsidy rates on R&D expenditures,I,GBR,United Kingdom,A,Annual,RDSUB,Implied tax subsidy rates on R&D expenditures,IX,Index,SME,SME,PROFITABLE,Profitable,2025,,0.18,,_Z,Not applicable,,,,,,,,,,,,,0,Units,,,2,Two,,,,
DATAFLOW,OECD.STI.STP:DSD_RDTAX@DF_RDSUB(1.0),Implied tax subsidy rates on R&D expenditures,I,USA,United States,A,Annual,RDSUB,Implied tax subsidy rates on R&D expenditures,IX,Index,SME,SME,PROFITABLE,Profitable,2024,,0.03,,_Z,Not applicable,,,,,,,,,,,,,0,Units,,,2,Two,,,,
DATAFLOW,OECD.STI.STP:DSD_RDTAX@DF_RDSUB(1.0),Implied tax subsidy rates on R&D expenditures,I,USA,United States,A,Annual,RDSUB,Implied tax subsidy rates on R&D expenditures,IX,Index,SME,SME,PROFITABLE,Profitable,2025,,0.07,,_Z,Not applicable,,,,,,,,,,,,,0,Units,,,2,Two,,,,
DATAFLOW,OECD.STI.STP:DSD_RDTAX@DF_RDSUB(1.0),Implied tax subsidy rates on R&D expenditures,I,AUS,Australia,A,Annual,RDSUB,Implied tax subsidy rates on R&D expenditures,IX,Index,SME,SME,PROFITABLE,Profitable,2025,,0.22,,_Z,Not applicable,,,,,,,,,,,,,0,Units,,,2,Two,,,,
DATAFLOW,OECD.STI.STP:DSD_RDTAX@DF_RDSUB(1.0),Implied tax subsidy rates on R&D expenditures,I,CAN,Canada,A,Annual,RDSUB,Implied tax subsidy rates on R&D expenditures,IX,Index,SME,SME,PROFITABLE,Profitable,2024,,0.31,,_Z,Not applicable,,,,,,,,,,,,,0,Units,,,2,Two,,,,
DATAFLOW,OECD.STI.STP:DSD_RDTAX@DF_RDSUB(1.0),Implied tax subsidy rates on R&D expenditures,I,CAN,Canada,A,Annual,RDSUB,Implied tax subsidy rates on R&D expenditures,IX,Index,SME,SME,PROFITABLE,Profitable,2025,,0.33,,_Z,Not applicable,,,,,,,,,,,,,0,Units,,,2,Two,,,,
DATAFLOW,OECD.STI.STP:DSD_RDTAX@DF_RDSUB(1.0),Implied tax subsidy rates on R&D expenditures,I,FRA,France,A,Annual,RDSUB,Implied tax subsidy rates on R&D expenditures,IX,Index,SME,SME,PROFITABLE,Profitable,2024,,0.36,,_Z,Not applicable,,,,,,,,,,,,,0,Units,,,2,Two,,,,
DATAFLOW,OECD.STI.STP:DSD_RDTAX@DF_RDSUB(1.0),Implied tax subsidy rates on R&D expenditures,I,FRA,France,A,Annual,RDSUB,Implied tax subsidy rates on R&D expenditures,IX,Index,SME,SME,PROFITABLE,Profitable,2025,,0.36,,_Z,Not applicable,,,,,,,,,,,,,0,Units,,,2,Two,,,,
DATAFLOW,OECD.STI.STP:DSD_RDTAX@DF_RDSUB(1.0),Implied tax subsidy rates on R&D expenditures,I,DEU,Germany,A,Annual,RDSUB,Implied tax subsidy rates on R&D expenditures,IX,Index,SME,SME,PROFITABLE,Profitable,2024,,0.32,,_Z,Not applicable,,,,,,,,,,,,,0,Units,,,2,Two,,,,
DATAFLOW,OECD.STI.STP:DSD_RDTAX@DF_RDSUB(1.0),Implied tax subsidy rates on R&D expenditures,I,DEU,Germany,A,Annual,RDSUB,Implied tax subsidy rates on R&D expenditures,IX,Index,SME,SME,PROFITABLE,Profitable,2025,,0.32,,_Z,Not applicable,,,,,,,,,,,,,0,Units,,,2,Two,,,,
DATAFLOW,OECD.STI.STP:DSD_RDTAX@DF_RDSUB(1.0),Implied tax subsidy rates on R&D expenditures,I,ITA,Italy,A,Annual,RDSUB,Implied tax subsidy rates on R&D expenditures,IX,Index,SME,SME,PROFITABLE,Profitable,2024,,0.09,,_Z,Not applicable,,,,,,,,,,,,,0,Units,,,2,Two,,,,
DATAFLOW,OECD.STI.STP:DSD_RDTAX@DF_RDSUB(1.0),Implied tax subsidy rates on R&D expenditures,I,ITA,Italy,A,Annual,RDSUB,Implied tax subsidy rates on R&D expenditures,IX,Index,SME,SME,PROFITABLE,Profitable,2025,,0.09,,_Z,Not applicable,,,,,,,,,,,,,0,Units,,,2,Two,,,,
DATAFLOW,OECD.STI.STP:DSD_RDTAX@DF_RDSUB(1.0),Implied tax subsidy rates on R&D expenditures,I,JPN,Japan,A,Annual,RDSUB,Implied tax subsidy rates on R&D expenditures,IX,Index,SME,SME,PROFITABLE,Profitable,2024,,0.2,,_Z,Not applicable,,,,,,,,,,,,,0,Units,,,2,Two,,,,
DATAFLOW,OECD.STI.STP:DSD_RDTAX@DF_RDSUB(1.0),Implied tax subsidy rates on R&D expenditures,I,CHE,Switzerland,A,Annual,RDSUB,Implied tax subsidy rates on R&D expenditures,IX,Index,SME,SME,PROFITABLE,Profitable,2024,,-0.01,,_Z,Not applicable,,,,,,,,,,,,,0,Units,,,2,Two,,,,
DATAFLOW,OECD.STI.STP:DSD_RDTAX@DF_RDSUB(1.0),Implied tax subsidy rates on R&D expenditures,I,CHE,Switzerland,A,Annual,RDSUB,Implied tax subsidy rates on R&D expenditures,IX,Index,SME,SME,PROFITABLE,Profitable,2025,,-0.01,,_Z,Not applicable,,,,,,,,,,,,,0,Units,,,2,Two,,,,
DATAFLOW,OECD.STI.STP:DSD_RDTAX@DF_RDSUB(1.0),Implied tax subsidy rates on R&D expenditures,I,KOR,Korea,A,Annual,RDSUB,Implied tax subsidy rates on R&D expenditures,IX,Index,SME,SME,PROFITABLE,Profitable,2024,,0.26,,_Z,Not applicable,,,,,,,,,R2,Revised data,,,0,Units,,,2,Two,,,,
DATAFLOW,OECD.STI.STP:DSD_RDTAX@DF_RDSUB(1.0),Implied tax subsidy rates on R&D expenditures,I,AUS,Australia,A,Annual,RDSUB,Implied tax subsidy rates on R&D expenditures,IX,Index,SME,SME,PROFITABLE,Profitable,2024,,0.22,,_Z,Not applicable,,,,,,,,,,,,,0,Units,,,2,Two,,,,
DATAFLOW,OECD.STI.STP:DSD_RDTAX@DF_RDSUB(1.0),Implied tax subsidy rates on R&D expenditures,I,JPN,Japan,A,Annual,RDSUB,Implied tax subsidy rates on R&D expenditures,IX,Index,LARGE,Large firm,PROFITABLE,Profitable,2025,,0.17,,_Z,Not applicable,,,,,,,,,,,,,0,Units,,,2,Two,,,,
DATAFLOW,OECD.STI.STP:DSD_RDTAX@DF_RDSUB(1.0),Implied tax subsidy rates on R&D expenditures,I,KOR,Korea,A,Annual,RDSUB,Implied tax subsidy rates on R&D expenditures,IX,Index,LARGE,Large firm,PROFITABLE,Profitable,2025,,0.06,,_Z,Not applicable,,,,,,,,,,,,,0,Units,,,2,Two,,,,
DATAFLOW,OECD.STI.STP:DSD_RDTAX@DF_RDSUB(1.0),Implied tax subsidy rates on R&D expenditures,I,GBR,United Kingdom,A,Annual,RDSUB,Implied tax subsidy rates on R&D expenditures,IX,Index,LARGE,Large firm,PROFITABLE,Profitable,2024,,0.18,,_Z,Not applicable,,,,,,,,,,,,,0,Units,,,2,Two,,,,
DATAFLOW,OECD.STI.STP:DSD_RDTAX@DF_RDSUB(1.0),Implied tax subsidy rates on R&D expenditures,I,GBR,United Kingdom,A,Annual,RDSUB,Implied tax subsidy rates on R&D expenditures,IX,Index,LARGE,Large firm,PROFITABLE,Profitable,2025,,0.18,,_Z,Not applicable,,,,,,,,,,,,,0,Units,,,2,Two,,,,
DATAFLOW,OECD.STI.STP:DSD_RDTAX@DF_RDSUB(1.0),Implied tax subsidy rates on R&D expenditures,I,USA,United States,A,Annual,RDSUB,Implied tax subsidy rates on R&D expenditures,IX,Index,LARGE,Large firm,PROFITABLE,Profitable,2024,,0.03,,_Z,Not applicable,,,,,,,,,,,,,0,Units,,,2,Two,,,,
DATAFLOW,OECD.STI.STP:DSD_RDTAX@DF_RDSUB(1.0),Implied tax subsidy rates on R&D expenditures,I,USA,United States,A,Annual,RDSUB,Implied tax subsidy rates on R&D expenditures,IX,Index,LARGE,Large firm,PROFITABLE,Profitable,2025,,0.07,,_Z,Not applicable,,,,,,,,,,,,,0,Units,,,2,Two,,,,
DATAFLOW,OECD.STI.STP:DSD_RDTAX@DF_RDSUB(1.0),Implied tax subsidy rates on R&D expenditures,I,AUS,Australia,A,Annual,RDSUB,Implied tax subsidy rates on R&D expenditures,IX,Index,LARGE,Large firm,PROFITABLE,Profitable,2025,,0.1,,_Z,Not applicable,,,,,,,,,,,,,0,Units,,,2,Two,,,,
DATAFLOW,OECD.STI.STP:DSD_RDTAX@DF_RDSUB(1.0),Implied tax subsidy rates on R&D expenditures,I,CAN,Canada,A,Annual,RDSUB,Implied tax subsidy rates on R&D expenditures,IX,Index,LARGE,Large firm,PROFITABLE,Profitable,2024,,0.13,,_Z,Not applicable,,,,,,,,,,,,,0,Units,,,2,Two,,,,
DATAFLOW,OECD.STI.STP:DSD_RDTAX@DF_RDSUB(1.0),Implied tax subsidy rates on R&D expenditures,I,CAN,Canada,A,Annual,RDSUB,Implied tax subsidy rates on R&D expenditures,IX,Index,LARGE,Large firm,PROFITABLE,Profitable,2025,,0.14,,_Z,Not applicable,,,,,,,,,,,,,0,Units,,,2,Two,,,,
DATAFLOW,OECD.STI.STP:DSD_RDTAX@DF_RDSUB(1.0),Implied tax subsidy rates on R&D expenditures,I,FRA,France,A,Annual,RDSUB,Implied tax subsidy rates on R&D expenditures,IX,Index,LARGE,Large firm,PROFITABLE,Profitable,2024,,0.36,,_Z,Not applicable,,,,,,,,,,,,,0,Units,,,2,Two,,,,
DATAFLOW,OECD.STI.STP:DSD_RDTAX@DF_RDSUB(1.0),Implied tax subsidy rates on R&D expenditures,I,FRA,France,A,Annual,RDSUB,Implied tax subsidy rates on R&D expenditures,IX,Index,LARGE,Large firm,PROFITABLE,Profitable,2025,,0.36,,_Z,Not applicable,,,,,,,,,,,,,0,Units,,,2,Two,,,,
DATAFLOW,OECD.STI.STP:DSD_RDTAX@DF_RDSUB(1.0),Implied tax subsidy rates on R&D expenditures,I,DEU,Germany,A,Annual,RDSUB,Implied tax subsidy rates on R&D expenditures,IX,Index,LARGE,Large firm,PROFITABLE,Profitable,2024,,0.22,,_Z,Not applicable,,,,,,,,,,,,,0,Units,,,2,Two,,,,
DATAFLOW,OECD.STI.STP:DSD_RDTAX@DF_RDSUB(1.0),Implied tax subsidy rates on R&D expenditures,I,DEU,Germany,A,Annual,RDSUB,Implied tax subsidy rates on R&D expenditures,IX,Index,LARGE,Large firm,PROFITABLE,Profitable,2025,,0.22,,_Z,Not applicable,,,,,,,,,,,,,0,Units,,,2,Two,,,,
DATAFLOW,OECD.STI.STP:DSD_RDTAX@DF_RDSUB(1.0),Implied tax subsidy rates on R&D expenditures,I,ITA,Italy,A,Annual,RDSUB,Implied tax subsidy rates on R&D expenditures,IX,Index,LARGE,Large firm,PROFITABLE,Profitable,2024,,0.09,,_Z,Not applicable,,,,,,,,,,,,,0,Units,,,2,Two,,,,
DATAFLOW,OECD.STI.STP:DSD_RDTAX@DF_RDSUB(1.0),Implied tax subsidy rates on R&D expenditures,I,ITA,Italy,A,Annual,RDSUB,Implied tax subsidy rates on R&D expenditures,IX,Index,LARGE,Large firm,PROFITABLE,Profitable,2025,,0.09,,_Z,Not applicable,,,,,,,,,,,,,0,Units,,,2,Two,,,,
DATAFLOW,OECD.STI.STP:DSD_RDTAX@DF_RDSUB(1.0),Implied tax subsidy rates on R&D expenditures,I,JPN,Japan,A,Annual,RDSUB,Implied tax subsidy rates on R&D expenditures,IX,Index,LARGE,Large firm,PROFITABLE,Profitable,2024,,0.17,,_Z,Not applicable,,,,,,,,,,,,,0,Units,,,2,Two,,,,
DATAFLOW,OECD.STI.STP:DSD_RDTAX@DF_RDSUB(1.0),Implied tax subsidy rates on R&D expenditures,I,CHE,Switzerland,A,Annual,RDSUB,Implied tax subsidy rates on R&D expenditures,IX,Index,LARGE,Large firm,PROFITABLE,Profitable,2024,,-0.01,,_Z,Not applicable,,,,,,,,,,,,,0,Units,,,2,Two,,,,
DATAFLOW,OECD.STI.STP:DSD_RDTAX@DF_RDSUB(1.0),Implied tax subsidy rates on R&D expenditures,I,CHE,Switzerland,A,Annual,RDSUB,Implied tax subsidy rates on R&D expenditures,IX,Index,LARGE,Large firm,PROFITABLE,Profitable,2025,,-0.01,,_Z,Not applicable,,,,,,,,,,,,,0,Units,,,2,Two,,,,
DATAFLOW,OECD.STI.STP:DSD_RDTAX@DF_RDSUB(1.0),Implied tax subsidy rates on R&D expenditures,I,KOR,Korea,A,Annual,RDSUB,Implied tax subsidy rates on R&D expenditures,IX,Index,LARGE,Large firm,PROFITABLE,Profitable,2024,,0.06,,_Z,Not applicable,,,,,,,,,R2,Revised data,,,0,Units,,,2,Two,,,,
DATAFLOW,OECD.STI.STP:DSD_RDTAX@DF_RDSUB(1.0),Implied tax subsidy rates on R&D expenditures,I,AUS,Australia,A,Annual,RDSUB,Implied tax subsidy rates on R&D expenditures,IX,Index,LARGE,Large firm,PROFITABLE,Profitable,2024,,0.1,,_Z,Not applicable,,,,,,,,,,,,,0,Units,,,2,Two,,,,
