STRUCTURE,STRUCTURE_ID,ACTION,REF_AREA,FREQ,MEASURE,SEO,FUNDMODE,TRANSCOORD,UNIT_MEASURE,PRICE_BASE,TIME_PERIOD,OBS_VALUE,OBS_STATUS,OBS_STATUS_2,OBS_STATUS_3,AUX_OBS_STATUS,AUX_OBS_STATUS_2,AUX_OBS_STATUS_3,CONF_STATUS,UNIT_MULT,BASE_PER,CURRENCY,DECIMALS
DATAFLOW,OECD.STI.STP:DSD_RDS_GOV@DF_GBARD_NABS07(1.0),I,USA,A,C,NABS07,_T,_Z,USD_PPP,V,2020,48055.0,,,,,,,,6,,USD,3
DATAFLOW,OECD.STI.STP:DSD_RDS_GOV@DF_GBARD_NABS07(1.0),I,USA,A,C,NABS07,_T,_Z,USD_PPP,V,2019,42568.0,,,,,,,,6,,USD,3
DATAFLOW,OECD.STI.STP:DSD_RDS_GOV@DF_GBARD_NABS07(1.0),I,USA,A,C,NABS07,_T,_Z,USD_PPP,V,2018,40660.0,,,,,,,,6,,USD,3
DATAFLOW,OECD.STI.STP:DSD_RDS_GOV@DF_GBARD_NABS07(1.0),I,USA,A,C,NABS07,_T,_Z,USD_PPP,V,2017,37862.0,,,,,,,,6,,USD,3
DATAFLOW,OECD.STI.STP:DSD_RDS_GOV@DF_GBARD_NABS07(1.0),I,USA,A,C,NABS07,_T,_Z,USD_PPP,V,2016,35891.0,,,,,,,,6,,USD,3
DATAFLOW,OECD.STI.STP:DSD_RDS_GOV@DF_GBARD_NABS07(1.0),I,USA,A,C,NABS07,_T,_Z,USD_PPP,V,2015,33443.0,,,,,,,,6,,USD,3
DATAFLOW,OECD.STI.STP:DSD_RDS_GOV@DF_GBARD_NABS07(1.0),I,USA,A,C,NABS07,_T,_Z,USD_PPP,V,2025,48452.0,P,,,,,,,6,,USD,3
DATAFLOW,OECD.STI.STP:DSD_RDS_GOV@DF_GBARD_NABS07(1.0),I,USA,A,C,NABS07,_T,_Z,USD_PPP,V,2024,49032.0,,,,,,,,6,,USD,3
DATAFLOW,OECD.STI.STP:DSD_RDS_GOV@DF_GBARD_NABS07(1.0),I,USA,A,C,NABS07,_T,_Z,USD_PPP,V,2023,50453.0,,,,,,,,6,,USD,3
DATAFLOW,OECD.STI.STP:DSD_RDS_GOV@DF_GBARD_NABS07(1.0),I,USA,A,C,NABS07,_T,_Z,USD_PPP,V,2022,49486.32131,,,,,,,,6,,USD,3
DATAFLOW,OECD.STI.STP:DSD_RDS_GOV@DF_GBARD_NABS07(1.0),I,USA,A,C,NABS07,_T,_Z,USD_PPP,V,2021,44941.0,,,,,,,,6,,USD,3
DATAFLOW,OECD.STI.STP:DSD_RDS_GOV@DF_GBARD_NABS07(1.0),I,JPN,A,C,NABS07,_T,_Z,USD_PPP,V,2024,4139.486041,D,,,,,,,6,,USD,3
DATAFLOW,OECD.STI.STP:DSD_RDS_GOV@DF_GBARD_NABS07(1.0),I,JPN,A,C,NABS07,_T,_Z,USD_PPP,V,2023,4235.893015,D,,,,,,,6,,USD,3
DATAFLOW,OECD.STI.STP:DSD_RDS_GOV@DF_GBARD_NABS07(1.0),I,JPN,A,C,NABS07,_T,_Z,USD_PPP,V,2022,4619.671534,D,,,,,,,6,,USD,3
DATAFLOW,OECD.STI.STP:DSD_RDS_GOV@DF_GBARD_NABS07(1.0),I,JPN,A,C,NABS07,_T,_Z,USD_PPP,V,2015,1085.083706,D,,,,,,,6,,USD,3
DATAFLOW,OECD.STI.STP:DSD_RDS_GOV@DF_GBARD_NABS07(1.0),I,JPN,A,C,NABS07,_T,_Z,USD_PPP,V,2021,5660.718432,B,D,P,,,,,6,,USD,3
DATAFLOW,OECD.STI.STP:DSD_RDS_GOV@DF_GBARD_NABS07(1.0),I,JPN,A,C,NABS07,_T,_Z,USD_PPP,V,2017,1723.270583,B,D,P,,,,,6,,USD,3
DATAFLOW,OECD.STI.STP:DSD_RDS_GOV@DF_GBARD_NABS07(1.0),I,JPN,A,C,NABS07,_T,_Z,USD_PPP,V,2016,1643.303992,B,D,,,,,,6,,USD,3
DATAFLOW,OECD.STI.STP:DSD_RDS_GOV@DF_GBARD_NABS07(1.0),I,JPN,A,C,NABS07,_T,_Z,USD_PPP,V,2020,6682.749689,D,P,,,,,,6,,USD,3
DATAFLOW,OECD.STI.STP:DSD_RDS_GOV@DF_GBARD_NABS07(1.0),I,JPN,A,C,NABS07,_T,_Z,USD_PPP,V,2019,2629.729426,D,P,,,,,,6,,USD,3
DATAFLOW,OECD.STI.STP:DSD_RDS_GOV@DF_GBARD_NABS07(1.0),I,JPN,A,C,NABS07,_T,_Z,USD_PPP,V,2018,1938.977678,D,P,,,,,,6,,USD,3
DATAFLOW,OECD.STI.STP:DSD_RDS_GOV@DF_GBARD_NABS07(1.0),I,JPN,A,C,NABS07,_T,_Z,USD_PPP,V,2025,3701.225428,D,E,,,,,,6,,USD,3
DATAFLOW,OECD.STI.STP:DSD_RDS_GOV@DF_GBARD_NABS07(1.0),I,DEU,A,C,NABS07,_T,_Z,USD_PPP,V,2021,3994.810623,,,,,,,,6,,USD,3
DATAFLOW,OECD.STI.STP:DSD_RDS_GOV@DF_GBARD_NABS07(1.0),I,DEU,A,C,NABS07,_T,_Z,USD_PPP,V,2020,3919.183356,,,,,,,,6,,USD,3
DATAFLOW,OECD.STI.STP:DSD_RDS_GOV@DF_GBARD_NABS07(1.0),I,DEU,A,C,NABS07,_T,_Z,USD_PPP,V,2019,2489.309965,,,,,,,,6,,USD,3
DATAFLOW,OECD.STI.STP:DSD_RDS_GOV@DF_GBARD_NABS07(1.0),I,DEU,A,C,NABS07,_T,_Z,USD_PPP,V,2018,2215.711766,,,,,,,,6,,USD,3
DATAFLOW,OECD.STI.STP:DSD_RDS_GOV@DF_GBARD_NABS07(1.0),I,DEU,A,C,NABS07,_T,_Z,USD_PPP,V,2017,2019.873363,,,,,,,,6,,USD,3
DATAFLOW,OECD.STI.STP:DSD_RDS_GOV@DF_GBARD_NABS07(1.0),I,DEU,A,C,NABS07,_T,_Z,USD_PPP,V,2016,1857.59683,,,,,,,,6,,USD,3
DATAFLOW,OECD.STI.STP:DSD_RDS_GOV@DF_GBARD_NABS07(1.0),I,DEU,A,C,NABS07,_T,_Z,USD_PPP,V,2015,1779.41259,,,,S2,,,,6,,USD,3
DATAFLOW,OECD.STI.STP:DSD_RDS_GOV@DF_GBARD_NABS07(1.0),I,DEU,A,C,NABS07,_T,_Z,USD_PPP,V,2024,3311.497705,,,,,,,,6,,USD,3
DATAFLOW,OECD.STI.STP:DSD_RDS_GOV@DF_GBARD_NABS07(1.0),I,DEU,A,C,NABS07,_T,_Z,USD_PPP,V,2023,3584.84626,,,,,,,,6,,USD,3
DATAFLOW,OECD.STI.STP:DSD_RDS_GOV@DF_GBARD_NABS07(1.0),I,DEU,A,C,NABS07,_T,_Z,USD_PPP,V,2022,4134.208532,,,,,,,,6,,USD,3
DATAFLOW,OECD.STI.STP:DSD_RDS_GOV@DF_GBARD_NABS07(1.0),I,FRA,A,C,NABS07,_T,_Z,USD_PPP,V,2017,1398.798029,E,,,,,,,6,,USD,3
DATAFLOW,OECD.STI.STP:DSD_RDS_GOV@DF_GBARD_NABS07(1.0),I,FRA,A,C,NABS07,_T,_Z,USD_PPP,V,2015,1252.146548,D,,,,,,,6,,USD,3
DATAFLOW,OECD.STI.STP:DSD_RDS_GOV@DF_GBARD_NABS07(1.0),I,FRA,A,C,NABS07,_T,_Z,USD_PPP,V,2024,1343.930723,,,,,,,,6,,USD,3
DATAFLOW,OECD.STI.STP:DSD_RDS_GOV@DF_GBARD_NABS07(1.0),I,FRA,A,C,NABS07,_T,_Z,USD_PPP,V,2023,1326.570234,,,,,,,,6,,USD,3
DATAFLOW,OECD.STI.STP:DSD_RDS_GOV@DF_GBARD_NABS07(1.0),I,FRA,A,C,NABS07,_T,_Z,USD_PPP,V,2022,3250.488525,,,,,,,,6,,USD,3
DATAFLOW,OECD.STI.STP:DSD_RDS_GOV@DF_GBARD_NABS07(1.0),I,FRA,A,C,NABS07,_T,_Z,USD_PPP,V,2016,1428.715159,B,E,,,,,,6,,USD,3
DATAFLOW,OECD.STI.STP:DSD_RDS_GOV@DF_GBARD_NABS07(1.0),I,FRA,A,C,NABS07,_T,_Z,USD_PPP,V,2021,1813.407161,E,,,,,,,6,,USD,3
DATAFLOW,OECD.STI.STP:DSD_RDS_GOV@DF_GBARD_NABS07(1.0),I,FRA,A,C,NABS07,_T,_Z,USD_PPP,V,2020,3009.822005,E,,,,,,,6,,USD,3
DATAFLOW,OECD.STI.STP:DSD_RDS_GOV@DF_GBARD_NABS07(1.0),I,FRA,A,C,NABS07,_T,_Z,USD_PPP,V,2019,2791.106814,E,,,,,,,6,,USD,3
DATAFLOW,OECD.STI.STP:DSD_RDS_GOV@DF_GBARD_NABS07(1.0),I,FRA,A,C,NABS07,_T,_Z,USD_PPP,V,2018,1337.443819,E,,,,,,,6,,USD,3
DATAFLOW,OECD.STI.STP:DSD_RDS_GOV@DF_GBARD_NABS07(1.0),I,GBR,A,C,NABS07,_T,_Z,USD_PPP,V,2020,4862.073172,,,,,,,,6,,USD,3
DATAFLOW,OECD.STI.STP:DSD_RDS_GOV@DF_GBARD_NABS07(1.0),I,GBR,A,C,NABS07,_T,_Z,USD_PPP,V,2019,3854.16582,,,,,,,,6,,USD,3
DATAFLOW,OECD.STI.STP:DSD_RDS_GOV@DF_GBARD_NABS07(1.0),I,GBR,A,C,NABS07,_T,_Z,USD_PPP,V,2018,3704.299063,,,,,,,,6,,USD,3
DATAFLOW,OECD.STI.STP:DSD_RDS_GOV@DF_GBARD_NABS07(1.0),I,GBR,A,C,NABS07,_T,_Z,USD_PPP,V,2017,3532.715012,,,,,,,,6,,USD,3
DATAFLOW,OECD.STI.STP:DSD_RDS_GOV@DF_GBARD_NABS07(1.0),I,GBR,A,C,NABS07,_T,_Z,USD_PPP,V,2016,3208.671738,,,,,,,,6,,USD,3
DATAFLOW,OECD.STI.STP:DSD_RDS_GOV@DF_GBARD_NABS07(1.0),I,GBR,A,C,NABS07,_T,_Z,USD_PPP,V,2015,3423.863028,,,,,,,,6,,USD,3
DATAFLOW,OECD.STI.STP:DSD_RDS_GOV@DF_GBARD_NABS07(1.0),I,GBR,A,C,NABS07,_T,_Z,USD_PPP,V,2023,4745.253916,,,,,,,,6,,USD,3
DATAFLOW,OECD.STI.STP:DSD_RDS_GOV@DF_GBARD_NABS07(1.0),I,GBR,A,C,NABS07,_T,_Z,USD_PPP,V,2022,4739.717174,,,,,,,,6,,USD,3
DATAFLOW,OECD.STI.STP:DSD_RDS_GOV@DF_GBARD_NABS07(1.0),I,GBR,A,C,NABS07,_T,_Z,USD_PPP,V,2021,4385.036517,,,,,,,,6,,USD,3
DATAFLOW,OECD.STI.STP:DSD_RDS_GOV@DF_GBARD_NABS07(1.0),I,ITA,A,C,NABS07,_T,_Z,USD_PPP,V,2020,2157.65181,,,,,,,,6,,USD,3
DATAFLOW,OECD.STI.STP:DSD_RDS_GOV@DF_GBARD_NABS07(1.0),I,ITA,A,C,NABS07,_T,_Z,USD_PPP,V,2019,1581.600724,,,,,,,,6,,USD,3
DATAFLOW,OECD.STI.STP:DSD_RDS_GOV@DF_GBARD_NABS07(1.0),I,ITA,A,C,NABS07,_T,_Z,USD_PPP,V,2018,1341.306466,,,,,,,,6,,USD,3
DATAFLOW,OECD.STI.STP:DSD_RDS_GOV@DF_GBARD_NABS07(1.0),I,ITA,A,C,NABS07,_T,_Z,USD_PPP,V,2017,1104.072472,,,,,,,,6,,USD,3
DATAFLOW,OECD.STI.STP:DSD_RDS_GOV@DF_GBARD_NABS07(1.0),I,ITA,A,C,NABS07,_T,_Z,USD_PPP,V,2016,1064.744312,,,,,,,,6,,USD,3
DATAFLOW,OECD.STI.STP:DSD_RDS_GOV@DF_GBARD_NABS07(1.0),I,ITA,A,C,NABS07,_T,_Z,USD_PPP,V,2015,1089.761772,,,,,,,,6,,USD,3
DATAFLOW,OECD.STI.STP:DSD_RDS_GOV@DF_GBARD_NABS07(1.0),I,ITA,A,C,NABS07,_T,_Z,USD_PPP,V,2024,2621.333268,,,,,,,,6,,USD,3
DATAFLOW,OECD.STI.STP:DSD_RDS_GOV@DF_GBARD_NABS07(1.0),I,ITA,A,C,NABS07,_T,_Z,USD_PPP,V,2023,2666.605279,,,,,,,,6,,USD,3
DATAFLOW,OECD.STI.STP:DSD_RDS_GOV@DF_GBARD_NABS07(1.0),I,ITA,A,C,NABS07,_T,_Z,USD_PPP,V,2022,2745.861279,,,,,,,,6,,USD,3
DATAFLOW,OECD.STI.STP:DSD_RDS_GOV@DF_GBARD_NABS07(1.0),I,ITA,A,C,NABS07,_T,_Z,USD_PPP,V,2021,2024.384598,,,,,,,,6,,USD,3
DATAFLOW,OECD.STI.STP:DSD_RDS_GOV@DF_GBARD_NABS07(1.0),I,CAN,A,C,NABS07,_T,_Z,USD_PPP,V,2019,1513.309933,D,,,,,,,6,,USD,3
DATAFLOW,OECD.STI.STP:DSD_RDS_GOV@DF_GBARD_NABS07(1.0),I,CAN,A,C,NABS07,_T,_Z,USD_PPP,V,2018,1551.564103,D,,,,,,,6,,USD,3
DATAFLOW,OECD.STI.STP:DSD_RDS_GOV@DF_GBARD_NABS07(1.0),I,CAN,A,C,NABS07,_T,_Z,USD_PPP,V,2016,1347.919416,D,,,,,,,6,,USD,3
DATAFLOW,OECD.STI.STP:DSD_RDS_GOV@DF_GBARD_NABS07(1.0),I,CAN,A,C,NABS07,_T,_Z,USD_PPP,V,2015,1272.39297,D,,,,,,,6,,USD,3
DATAFLOW,OECD.STI.STP:DSD_RDS_GOV@DF_GBARD_NABS07(1.0),I,CAN,A,C,NABS07,_T,_Z,USD_PPP,V,2017,1417.136782,B,D,,,,,,6,,USD,3
DATAFLOW,OECD.STI.STP:DSD_RDS_GOV@DF_GBARD_NABS07(1.0),I,CAN,A,C,NABS07,_T,_Z,USD_PPP,V,2023,1882.907024,D,,,,,,,6,,USD,3
DATAFLOW,OECD.STI.STP:DSD_RDS_GOV@DF_GBARD_NABS07(1.0),I,CAN,A,C,NABS07,_T,_Z,USD_PPP,V,2022,1788.516807,D,,,,,,,6,,USD,3
DATAFLOW,OECD.STI.STP:DSD_RDS_GOV@DF_GBARD_NABS07(1.0),I,CAN,A,C,NABS07,_T,_Z,USD_PPP,V,2021,1786.002808,D,,,,,,,6,,USD,3
DATAFLOW,OECD.STI.STP:DSD_RDS_GOV@DF_GBARD_NABS07(1.0),I,CAN,A,C,NABS07,_T,_Z,USD_PPP,V,2020,1962.238607,D,,,,,,,6,,USD,3
DATAFLOW,OECD.STI.STP:DSD_RDS_GOV@DF_GBARD_NABS07(1.0),I,CHE,A,C,NABS07,_T,_Z,USD_PPP,V,2022,26.31437584,,,,,,,,6,,USD,3
DATAFLOW,OECD.STI.STP:DSD_RDS_GOV@DF_GBARD_NABS07(1.0),I,CHE,A,C,NABS07,_T,_Z,USD_PPP,V,2021,24.98054072,,,,,,,,6,,USD,3
DATAFLOW,OECD.STI.STP:DSD_RDS_GOV@DF_GBARD_NABS07(1.0),I,CHE,A,C,NABS07,_T,_Z,USD_PPP,V,2020,14.88475294,,,,,,,,6,,USD,3
DATAFLOW,OECD.STI.STP:DSD_RDS_GOV@DF_GBARD_NABS07(1.0),I,CHE,A,C,NABS07,_T,_Z,USD_PPP,V,2019,15.12648391,,,,,,,,6,,USD,3
DATAFLOW,OECD.STI.STP:DSD_RDS_GOV@DF_GBARD_NABS07(1.0),I,CHE,A,C,NABS07,_T,_Z,USD_PPP,V,2018,13.34427566,,,,,,,,6,,USD,3
DATAFLOW,OECD.STI.STP:DSD_RDS_GOV@DF_GBARD_NABS07(1.0),I,CHE,A,C,NABS07,_T,_Z,USD_PPP,V,2015,9.455863283,,,,,,,,6,,USD,3
DATAFLOW,OECD.STI.STP:DSD_RDS_GOV@DF_GBARD_NABS07(1.0),I,CHE,A,C,NABS07,_T,_Z,USD_PPP,V,2017,14.4831976,B,,,,,,,6,,USD,3
DATAFLOW,OECD.STI.STP:DSD_RDS_GOV@DF_GBARD_NABS07(1.0),I,CHE,A,C,NABS07,_T,_Z,USD_PPP,V,2024,10.94832363,,,,,,,,6,,USD,3
DATAFLOW,OECD.STI.STP:DSD_RDS_GOV@DF_GBARD_NABS07(1.0),I,CHE,A,C,NABS07,_T,_Z,USD_PPP,V,2023,18.41817747,,,,,,,,6,,USD,3
DATAFLOW,OECD.STI.STP:DSD_RDS_GOV@DF_GBARD_NABS07(1.0),I,AUS,A,C,NABS07,_T,_Z,USD_PPP,V,2018,909.3445771,D,,,,,,,6,,USD,3
DATAFLOW,OECD.STI.STP:DSD_RDS_GOV@DF_GBARD_NABS07(1.0),I,AUS,A,C,NABS07,_T,_Z,USD_PPP,V,2017,776.8523641,D,,,,,,,6,,USD,3
DATAFLOW,OECD.STI.STP:DSD_RDS_GOV@DF_GBARD_NABS07(1.0),I,AUS,A,C,NABS07,_T,_Z,USD_PPP,V,2016,779.4990407,D,,,,,,,6,,USD,3
DATAFLOW,OECD.STI.STP:DSD_RDS_GOV@DF_GBARD_NABS07(1.0),I,AUS,A,C,NABS07,_T,_Z,USD_PPP,V,2015,720.6343142,D,,,,,,,6,,USD,3
DATAFLOW,OECD.STI.STP:DSD_RDS_GOV@DF_GBARD_NABS07(1.0),I,AUS,A,C,NABS07,_T,_Z,USD_PPP,V,2025,1406.672785,D,E,P,,,,,6,,USD,3
DATAFLOW,OECD.STI.STP:DSD_RDS_GOV@DF_GBARD_NABS07(1.0),I,AUS,A,C,NABS07,_T,_Z,USD_PPP,V,2024,1394.745417,D,P,,,,,,6,,USD,3
DATAFLOW,OECD.STI.STP:DSD_RDS_GOV@DF_GBARD_NABS07(1.0),I,AUS,A,C,NABS07,_T,_Z,USD_PPP,V,2023,1399.482256,D,,,,,,,6,,USD,3
DATAFLOW,OECD.STI.STP:DSD_RDS_GOV@DF_GBARD_NABS07(1.0),I,AUS,A,C,NABS07,_T,_Z,USD_PPP,V,2022,1392.867208,D,,,,,,,6,,USD,3
DATAFLOW,OECD.STI.STP:DSD_RDS_GOV@DF_GBARD_NABS07(1.0),I,AUS,A,C,NABS07,_T,_Z,USD_PPP,V,2021,1285.470882,D,,,,,,,6,,USD,3
DATAFLOW,OECD.STI.STP:DSD_RDS_GOV@DF_GBARD_NABS07(1.0),I,AUS,A,C,NABS07,_T,_Z,USD_PPP,V,2020,1258.978412,D,,,,,,,6,,USD,3
DATAFLOW,OECD.STI.STP:DSD_RDS_GOV@DF_GBARD_NABS07(1.0),I,AUS,A,C,NABS07,_T,_Z,USD_PPP,V,2019,1076.745273,D,,,,,,,6,,USD,3
DATAFLOW,OECD.STI.STP:DSD_RDS_GOV@DF_GBARD_NABS07(1.0),I,KOR,A,C,NABS07,_T,_Z,USD_PPP,V,2020,2440.412364,,,,,,,,6,,USD,3
DATAFLOW,OECD.STI.STP:DSD_RDS_GOV@DF_GBARD_NABS07(1.0),I,KOR,A,C,NABS07,_T,_Z,USD_PPP,V,2019,2128.284411,,,,,,,,6,,USD,3
DATAFLOW,OECD.STI.STP:DSD_RDS_GOV@DF_GBARD_NABS07(1.0),I,KOR,A,C,NABS07,_T,_Z,USD_PPP,V,2018,1968.097644,,,,,,,,6,,USD,3
DATAFLOW,OECD.STI.STP:DSD_RDS_GOV@DF_GBARD_NABS07(1.0),I,KOR,A,C,NABS07,_T,_Z,USD_PPP,V,2017,1929.366985,,,,,,,,6,,USD,3
DATAFLOW,OECD.STI.STP:DSD_RDS_GOV@DF_GBARD_NABS07(1.0),I,KOR,A,C,NABS07,_T,_Z,USD_PPP,V,2016,1874.77809,,,,,,,,6,,USD,3
DATAFLOW,OECD.STI.STP:DSD_RDS_GOV@DF_GBARD_NABS07(1.0),I,KOR,A,C,NABS07,_T,_Z,USD_PPP,V,2015,1839.779981,,,,,,,,6,,USD,3
DATAFLOW,OECD.STI.STP:DSD_RDS_GOV@DF_GBARD_NABS07(1.0),I,KOR,A,C,NABS07,_T,_Z,USD_PPP,V,2024,2780.882433,,,,,,,,6,,USD,3
DATAFLOW,OECD.STI.STP:DSD_RDS_GOV@DF_GBARD_NABS07(1.0),I,KOR,A,C,NABS07,_T,_Z,USD_PPP,V,2023,2977.633537,,,,,,,,6,,USD,3
DATAFLOW,OECD.STI.STP:DSD_RDS_GOV@DF_GBARD_NABS07(1.0),I,KOR,A,C,NABS07,_T,_Z,USD_PPP,V,2022,3133.051659,,,,,,,,6,,USD,3
DATAFLOW,OECD.STI.STP:DSD_RDS_GOV@DF_GBARD_NABS07(1.0),I,KOR,A,C,NABS07,_T,_Z,USD_PPP,V,2021,2852.98546,,,,,,,,6,,USD,3
