source_id,citation,url,accessed
RAND2024,"Mulcahy AW, Schwam D, Lovejoy SL. International Prescription Drug Price Comparisons: Estimates Using 2022 Data. RAND Corporation; 2024. RR-A788-3.",https://www.rand.org/pubs/research_reports/RRA788-3.html,2026-09-24
ASPE2026,"Murphy S. Measuring the Pull-Side Innovation Burden for Pharmaceutical Drugs by OECD Country. Office of the Assistant Secretary for Planning and Evaluation, US Department of Health and Human Services; June 2026.",https://aspe.hhs.gov/reports/innovation-burden-pharmaceutical-drugs,2026-09-24
PHILIPSON2026,"Philipson TJ, Zhao Q, Zhang D, Abbasi S, Fisher N. The Impact of Foreign Drug Adoption Delays on International Free Riding. Policy Brief. University of Chicago, Economics of Health Care Center; August 9, 2026.",https://ecchc.economics.uchicago.edu/2026/08/11/policy-brief-the-impact-of-foreign-drug-adoption-delays-on-international-free-riding/,2026-09-24
EFPIA_WAIT2025,"Newton M, et al. EFPIA Patients W.A.I.T. Indicator 2025 Survey. IQVIA for the European Federation of Pharmaceutical Industries and Associations; May 2026.",https://www.efpia.eu/media/mnfdwzax/efpia-patients-wait-indicator-2025.pdf,2026-09-24
OECD_BERD,"OECD. Business enterprise R&D expenditure by industry (ISIC Rev.4), dataflow DSD_RDS_BERD@DF_BERD_INDU. OECD Data Explorer.",https://data-explorer.oecd.org/,2026-09-24
OECD_RDTAX,"OECD. Implied tax subsidy rates on R&D expenditures (1 minus B-index), dataflow DSD_RDTAX@DF_RDSUB. OECD Data Explorer.",https://data-explorer.oecd.org/,2026-09-24
OECD_MSTI,"OECD. Main Science and Technology Indicators, March 2026 edition, dataflow DSD_MSTI@DF_MSTI.",https://www.oecd.org/en/data/datasets/main-science-and-technology-indicators.html,2026-09-24
WB_WDI,"World Bank. World Development Indicators (NY.GDP.MKTP.CD, NY.GDP.MKTP.PP.CD, NY.GDP.PCAP.CD, NY.GDP.PCAP.PP.CD, SP.POP.TOTL).",https://api.worldbank.org/v2/,2026-09-24
KOLCHINSKY2025,"Kolchinsky P, Xie RZ. No More Freeriding: The Great American Drug Deal. RApport, RA Capital Management; May 24, 2025.",https://www.racap.com/rapport/no-more-freeriding-great-american-drug-deal,2026-09-24
FRECH2026,"Frech HE III, Pauly MV, Comanor WS, Martinez JR. Pharmaceutical pricing and R&D as a global public good. Health Econ. 2026;35(8):1158-1174.",https://doi.org/10.1002/hec.70105,2026-09-24
HEPL2026,"Murphy P, Griffin S, Walker S, et al. Cost-effectiveness thresholds in policy and practice: do HTA guidelines align with estimates of health opportunity cost? Health Econ Policy Law. 2026. First View.",https://doi.org/10.1017/S1744133126100395,2026-09-24
ABPI_CRA2026,"ABPI; Charles River Associates. Benchmarking the UK's Cost-Effectiveness Threshold: Findings from International Comparison. February 2026.",https://www.abpi.org.uk/media/rlwdi4g3/cra-report_benchmarking-ce-thresholds_uk_feb-2026.pdf,2026-09-24
ONS_BERD2024_ABPI,"Office for National Statistics. Business enterprise research and development, UK: 2024 (released 28 November 2025); ABPI, Facts, figures and industry data (UK pharmaceutical R&D GBP 9.3 billion in 2024).",https://www.ons.gov.uk/economy/governmentpublicsectorandtaxes/researchanddevelopmentexpenditure/bulletins/businessenterpriseresearchanddevelopment/2024 ; https://www.abpi.org.uk/facts-figures-and-industry-data/,2026-09-24
ABS_BERD2023_24,"Australian Bureau of Statistics. Research and Experimental Development, Businesses, Australia, 2023-24 (released 22 August 2025), Table 81040DO003.",https://www.abs.gov.au/statistics/industry/technology-and-innovation/research-and-experimental-development-businesses-australia/latest-release,2026-09-24
NCSES_BERD2023,"National Center for Science and Engineering Statistics. Business Enterprise Research and Development: 2023 (NSF 25-353/25-354). NAICS 3254 domestic R&D performed USD 148,160 million.",https://ncses.nsf.gov/pubs/nsf25353,2026-09-24
MIC_KAGAKU2025,"Ministry of Internal Affairs and Communications (Japan). 2025 Survey of Research and Development: pharmaceutical manufacturing in-house R&D JPY 1,660.7 billion (FY2024).",https://www.stat.go.jp/data/kagaku/kekka/kekkagai/pdf/2025ke_gai.pdf,2026-09-24
EFPIA_FIGURES2026,"EFPIA. The Pharmaceutical Industry in Figures: Key Data 2026.",https://www.efpia.eu/media/owqczcqz/the-pharmaceutical-industry-in-figures-2026.pdf,2026-09-24
PMPRB2024,"Patented Medicine Prices Review Board. Annual Report 2024. Government of Canada; 2025.",https://www.canada.ca/en/patented-medicine-prices-review/services/annual-reports/annual-report-2024.html,2026-09-24
