indicator,iso3,year,value
NY.GDP.MKTP.CD,USA,2025,30769700000000.0
NY.GDP.MKTP.CD,USA,2024,29298013000000.0
NY.GDP.MKTP.CD,USA,2023,27811517000000.0
NY.GDP.MKTP.CD,USA,2022,26054614000000.0
NY.GDP.MKTP.CD,USA,2021,23725645000000.0
NY.GDP.MKTP.CD,USA,2020,21375281000000.0
NY.GDP.MKTP.CD,USA,2019,21539982000000.0
NY.GDP.MKTP.CD,USA,2018,20656516000000.0
NY.GDP.MKTP.CD,JPN,2025,4435162999976.94
NY.GDP.MKTP.CD,JPN,2024,4190008188358.57
NY.GDP.MKTP.CD,JPN,2023,4384854269961.93
NY.GDP.MKTP.CD,JPN,2022,4447976207314.78
NY.GDP.MKTP.CD,JPN,2021,5225933520753.1
NY.GDP.MKTP.CD,JPN,2020,5189197543645.38
NY.GDP.MKTP.CD,JPN,2019,5245755000479.03
NY.GDP.MKTP.CD,JPN,2018,5154293721629.56
NY.GDP.MKTP.CD,DEU,2025,5050922925047.05
NY.GDP.MKTP.CD,DEU,2024,4685592577804.69
NY.GDP.MKTP.CD,DEU,2023,4562207532490.28
NY.GDP.MKTP.CD,DEU,2022,4201021706478.62
NY.GDP.MKTP.CD,DEU,2021,4355251953410.78
NY.GDP.MKTP.CD,DEU,2020,3941398957073.94
NY.GDP.MKTP.CD,DEU,2019,3959894794039.21
NY.GDP.MKTP.CD,DEU,2018,4055433215301.96
NY.GDP.MKTP.CD,FRA,2025,3366315927447.33
NY.GDP.MKTP.CD,FRA,2024,3160442622465.08
NY.GDP.MKTP.CD,FRA,2023,3056250648138.29
NY.GDP.MKTP.CD,FRA,2022,2794788137066.94
NY.GDP.MKTP.CD,FRA,2021,2966433692008.09
NY.GDP.MKTP.CD,FRA,2020,2647926055110.05
NY.GDP.MKTP.CD,FRA,2019,2722793515171.76
NY.GDP.MKTP.CD,FRA,2018,2781576320884.39
NY.GDP.MKTP.CD,GBR,2025,4002587541846.01
NY.GDP.MKTP.CD,GBR,2024,3695539513534.15
NY.GDP.MKTP.CD,GBR,2023,3420796653789.08
NY.GDP.MKTP.CD,GBR,2022,3181244350465.41
NY.GDP.MKTP.CD,GBR,2021,3194559188925.93
NY.GDP.MKTP.CD,GBR,2020,2724001478304.59
NY.GDP.MKTP.CD,GBR,2019,2875710080015.3
NY.GDP.MKTP.CD,GBR,2018,2897028009916.05
NY.GDP.MKTP.CD,ITA,2025,2551556954100.35
NY.GDP.MKTP.CD,ITA,2024,2383435562458.12
NY.GDP.MKTP.CD,ITA,2023,2316882296366.32
NY.GDP.MKTP.CD,ITA,2022,2104067630319.46
NY.GDP.MKTP.CD,ITA,2021,2179207773596.09
NY.GDP.MKTP.CD,ITA,2020,1907481094079.23
NY.GDP.MKTP.CD,ITA,2019,2019606796583.53
NY.GDP.MKTP.CD,ITA,2018,2099435266458.67
NY.GDP.MKTP.CD,CAN,2025,2319899772425.92
NY.GDP.MKTP.CD,CAN,2024,2270076189683.46
NY.GDP.MKTP.CD,CAN,2023,2196593836347.42
NY.GDP.MKTP.CD,CAN,2022,2200562785046.32
NY.GDP.MKTP.CD,CAN,2021,2022377950896.78
NY.GDP.MKTP.CD,CAN,2020,1655686966881.99
NY.GDP.MKTP.CD,CAN,2019,1743728952156.85
NY.GDP.MKTP.CD,CAN,2018,1725330736237.69
NY.GDP.MKTP.CD,CHE,2025,1043529899250.92
NY.GDP.MKTP.CD,CHE,2024,969919786394.884
NY.GDP.MKTP.CD,CHE,2023,928435275851.707
NY.GDP.MKTP.CD,CHE,2022,858479038993.75
NY.GDP.MKTP.CD,CHE,2021,840710023481.35
NY.GDP.MKTP.CD,CHE,2020,756096180222.082
NY.GDP.MKTP.CD,CHE,2019,736384764156.877
NY.GDP.MKTP.CD,CHE,2018,740766531453.991
NY.GDP.MKTP.CD,AUS,2025,1798518933689.21
NY.GDP.MKTP.CD,AUS,2024,1757022451652.83
NY.GDP.MKTP.CD,AUS,2023,1734451264655.6
NY.GDP.MKTP.CD,AUS,2022,1695627535475.8
NY.GDP.MKTP.CD,AUS,2021,1560617493202.69
NY.GDP.MKTP.CD,AUS,2020,1333336461648.09
NY.GDP.MKTP.CD,AUS,2019,1398349602956.35
NY.GDP.MKTP.CD,AUS,2018,1433144978761.67
NY.GDP.MKTP.CD,KOR,2025,1872374961553.15
NY.GDP.MKTP.CD,KOR,2024,1875388209406.8
NY.GDP.MKTP.CD,KOR,2023,1844800934391.54
NY.GDP.MKTP.CD,KOR,2022,1799363116866.52
NY.GDP.MKTP.CD,KOR,2021,1942313560965.9
NY.GDP.MKTP.CD,KOR,2020,1744070276373.34
NY.GDP.MKTP.CD,KOR,2019,1751045752054.63
NY.GDP.MKTP.CD,KOR,2018,1824251454306.83
NY.GDP.MKTP.PP.CD,USA,2025,30769700000000.0
NY.GDP.MKTP.PP.CD,USA,2024,29298012999999.9
NY.GDP.MKTP.PP.CD,USA,2023,27811516999999.9
NY.GDP.MKTP.PP.CD,USA,2022,26054614000000.0
NY.GDP.MKTP.PP.CD,USA,2021,23725645000000.1
NY.GDP.MKTP.PP.CD,USA,2020,21375281000000.0
NY.GDP.MKTP.PP.CD,USA,2019,21539982000000.0
NY.GDP.MKTP.PP.CD,USA,2018,20656516000000.0
NY.GDP.MKTP.PP.CD,JPN,2025,6837216297272.17
NY.GDP.MKTP.PP.CD,JPN,2024,6714043512607.59
NY.GDP.MKTP.PP.CD,JPN,2023,6565294640128.01
NY.GDP.MKTP.PP.CD,JPN,2022,6161900725612.81
NY.GDP.MKTP.PP.CD,JPN,2021,5781285635750.58
NY.GDP.MKTP.PP.CD,JPN,2020,5499931865590.03
NY.GDP.MKTP.PP.CD,JPN,2019,5539374610904.89
NY.GDP.MKTP.PP.CD,JPN,2018,5464294866534.16
NY.GDP.MKTP.PP.CD,DEU,2025,6295798631798.23
NY.GDP.MKTP.PP.CD,DEU,2024,6176636770148.76
NY.GDP.MKTP.PP.CD,DEU,2023,6018523537416.52
NY.GDP.MKTP.PP.CD,DEU,2022,5794969081509.46
NY.GDP.MKTP.PP.CD,DEU,2021,5210634826523.96
NY.GDP.MKTP.PP.CD,DEU,2020,4881924519973.52
NY.GDP.MKTP.PP.CD,DEU,2019,4928324126256.54
NY.GDP.MKTP.PP.CD,DEU,2018,4669303608140.89
NY.GDP.MKTP.PP.CD,FRA,2025,4396407858114.73
NY.GDP.MKTP.PP.CD,FRA,2024,4286160804064.34
NY.GDP.MKTP.PP.CD,FRA,2023,4165720740902.3
NY.GDP.MKTP.PP.CD,FRA,2022,3887336263729.83
NY.GDP.MKTP.PP.CD,FRA,2021,3562923665911.39
NY.GDP.MKTP.PP.CD,FRA,2020,3345024904336.18
NY.GDP.MKTP.PP.CD,FRA,2019,3445276604424.65
NY.GDP.MKTP.PP.CD,FRA,2018,3114875305157.86
NY.GDP.MKTP.PP.CD,GBR,2025,4489311553269.46
NY.GDP.MKTP.PP.CD,GBR,2024,4353581177831.03
NY.GDP.MKTP.PP.CD,GBR,2023,4165470729171.24
NY.GDP.MKTP.PP.CD,GBR,2022,4076201681999.46
NY.GDP.MKTP.PP.CD,GBR,2021,3472169152711.61
NY.GDP.MKTP.PP.CD,GBR,2020,3251561720478.82
NY.GDP.MKTP.PP.CD,GBR,2019,3364310513465.69
NY.GDP.MKTP.PP.CD,GBR,2018,3157648382903.36
NY.GDP.MKTP.PP.CD,ITA,2025,3700051124493.07
NY.GDP.MKTP.PP.CD,ITA,2024,3672334968238.59
NY.GDP.MKTP.PP.CD,ITA,2023,3559677647109.66
NY.GDP.MKTP.PP.CD,ITA,2022,3379175362343.35
NY.GDP.MKTP.PP.CD,ITA,2021,2946333608376.65
NY.GDP.MKTP.PP.CD,ITA,2020,2641203589480.81
NY.GDP.MKTP.PP.CD,ITA,2019,2787073032822.59
NY.GDP.MKTP.PP.CD,ITA,2018,2609651815348.66
NY.GDP.MKTP.PP.CD,CAN,2025,2780073936107.75
NY.GDP.MKTP.PP.CD,CAN,2024,2701978839989.15
NY.GDP.MKTP.PP.CD,CAN,2023,2601676541838.53
NY.GDP.MKTP.PP.CD,CAN,2022,2501262353907.96
NY.GDP.MKTP.PP.CD,CAN,2021,2179484689194.25
NY.GDP.MKTP.PP.CD,CAN,2020,1847839998535.39
NY.GDP.MKTP.PP.CD,CAN,2019,1899699472845.81
NY.GDP.MKTP.PP.CD,CAN,2018,1852987590798.03
NY.GDP.MKTP.PP.CD,CHE,2025,932096048760.891
NY.GDP.MKTP.PP.CD,CHE,2024,877753767387.646
NY.GDP.MKTP.PP.CD,CHE,2023,835013969788.183
NY.GDP.MKTP.PP.CD,CHE,2022,830573401100.201
NY.GDP.MKTP.PP.CD,CHE,2021,727047059179.797
NY.GDP.MKTP.PP.CD,CHE,2020,642547142297.224
NY.GDP.MKTP.PP.CD,CHE,2019,645435667735.924
NY.GDP.MKTP.PP.CD,CHE,2018,614474626463.059
NY.GDP.MKTP.PP.CD,AUS,2025,1986426180337.58
NY.GDP.MKTP.PP.CD,AUS,2024,1961194326932.44
NY.GDP.MKTP.PP.CD,AUS,2023,1926784790365.08
NY.GDP.MKTP.PP.CD,AUS,2022,1719920190001.38
NY.GDP.MKTP.PP.CD,AUS,2021,1498163677059.36
NY.GDP.MKTP.PP.CD,AUS,2020,1389782994669.37
NY.GDP.MKTP.PP.CD,AUS,2019,1339853335919.13
NY.GDP.MKTP.PP.CD,AUS,2018,1257430105896.14
NY.GDP.MKTP.PP.CD,KOR,2025,3262583720598.03
NY.GDP.MKTP.PP.CD,KOR,2024,3159472343387.38
NY.GDP.MKTP.PP.CD,KOR,2023,2969845527350.41
NY.GDP.MKTP.PP.CD,KOR,2022,2868310039875.42
NY.GDP.MKTP.PP.CD,KOR,2021,2677430056971.27
NY.GDP.MKTP.PP.CD,KOR,2020,2481996469956.38
NY.GDP.MKTP.PP.CD,KOR,2019,2407645008550.9
NY.GDP.MKTP.PP.CD,KOR,2018,2347691719530.07
NY.GDP.PCAP.CD,USA,2025,90026.5163005744
NY.GDP.PCAP.CD,USA,2024,86169.6641581917
NY.GDP.PCAP.CD,USA,2023,82586.7847707894
NY.GDP.PCAP.CD,USA,2022,78008.6895811877
NY.GDP.PCAP.CD,USA,2021,71441.2319805947
NY.GDP.PCAP.CD,USA,2020,64465.2971415748
NY.GDP.PCAP.CD,USA,2019,65227.9565911038
NY.GDP.PCAP.CD,USA,2018,62875.6661382728
NY.GDP.PCAP.CD,JPN,2025,35951.0449549304
NY.GDP.PCAP.CD,JPN,2024,33797.1014287876
NY.GDP.PCAP.CD,JPN,2023,35215.003535366
NY.GDP.PCAP.CD,JPN,2022,35548.2645222433
NY.GDP.PCAP.CD,JPN,2021,41580.739040705
NY.GDP.PCAP.CD,JPN,2020,41098.9739004553
NY.GDP.PCAP.CD,JPN,2019,41424.8655601543
NY.GDP.PCAP.CD,JPN,2018,40645.478086519
NY.GDP.PCAP.CD,DEU,2025,60496.4350820414
NY.GDP.PCAP.CD,DEU,2024,56103.7323182554
NY.GDP.PCAP.CD,DEU,2023,54776.7668235491
NY.GDP.PCAP.CD,DEU,2022,50506.5179638543
NY.GDP.PCAP.CD,DEU,2021,52349.2459994422
NY.GDP.PCAP.CD,DEU,2020,47394.8734504469
NY.GDP.PCAP.CD,DEU,2019,47656.199739747
NY.GDP.PCAP.CD,DEU,2018,48916.1686612154
NY.GDP.PCAP.CD,FRA,2025,48985.7307807924
NY.GDP.PCAP.CD,FRA,2024,46103.0840855884
NY.GDP.PCAP.CD,FRA,2023,44700.1384177544
NY.GDP.PCAP.CD,FRA,2022,40988.6396406579
NY.GDP.PCAP.CD,FRA,2021,43725.0999521245
NY.GDP.PCAP.CD,FRA,2020,39169.8606000707
NY.GDP.PCAP.CD,FRA,2019,40408.2848574751
NY.GDP.PCAP.CD,FRA,2018,41418.1766484844
NY.GDP.PCAP.CD,GBR,2025,57601.9621201954
NY.GDP.PCAP.CD,GBR,2024,53341.3131094262
NY.GDP.PCAP.CD,GBR,2023,49919.6896621586
NY.GDP.PCAP.CD,GBR,2022,47034.7795621476
NY.GDP.PCAP.CD,GBR,2021,47695.6491523474
NY.GDP.PCAP.CD,GBR,2020,40815.1255364787
NY.GDP.PCAP.CD,GBR,2019,43160.6843971799
NY.GDP.PCAP.CD,GBR,2018,43704.3162296687
NY.GDP.PCAP.CD,ITA,2025,43308.6403060733
NY.GDP.PCAP.CD,ITA,2024,40429.6224047352
NY.GDP.PCAP.CD,ITA,2023,39279.699782164
NY.GDP.PCAP.CD,ITA,2022,35653.9042103495
NY.GDP.PCAP.CD,ITA,2021,36852.5425414951
NY.GDP.PCAP.CD,ITA,2020,32091.4866621366
NY.GDP.PCAP.CD,ITA,2019,33812.788724868
NY.GDP.PCAP.CD,ITA,2018,35062.3364176949
NY.GDP.PCAP.CD,CAN,2025,55697.6639660837
NY.GDP.PCAP.CD,CAN,2024,55015.7066917734
NY.GDP.PCAP.CD,CAN,2023,54847.5370112652
NY.GDP.PCAP.CD,CAN,2022,56496.9275340663
NY.GDP.PCAP.CD,CAN,2021,52886.6407813788
NY.GDP.PCAP.CD,CAN,2020,43537.8981198851
NY.GDP.PCAP.CD,CAN,2019,46352.9695208927
NY.GDP.PCAP.CD,CAN,2018,46539.2177903178
NY.GDP.PCAP.CD,CHE,2025,114769.012314293
NY.GDP.PCAP.CD,CHE,2024,107702.065940312
NY.GDP.PCAP.CD,CHE,2023,104449.75451772
NY.GDP.PCAP.CD,CHE,2022,97809.095567203
NY.GDP.PCAP.CD,CHE,2021,96582.8687080693
NY.GDP.PCAP.CD,CHE,2020,87529.7016394892
NY.GDP.PCAP.CD,CHE,2019,85872.9702303454
NY.GDP.PCAP.CD,CHE,2018,87002.3382293532
NY.GDP.PCAP.CD,AUS,2025,65129.7227990563
NY.GDP.PCAP.CD,AUS,2024,64609.9865116088
NY.GDP.PCAP.CD,AUS,2023,65058.3773146674
NY.GDP.PCAP.CD,AUS,2022,65169.5191118657
NY.GDP.PCAP.CD,AUS,2021,60758.9044397144
NY.GDP.PCAP.CD,AUS,2020,51983.4523666382
NY.GDP.PCAP.CD,AUS,2019,55194.7585097428
NY.GDP.PCAP.CD,AUS,2018,57410.1737346009
NY.GDP.PCAP.CD,KOR,2025,36226.9663637512
NY.GDP.PCAP.CD,KOR,2024,36238.639908315
NY.GDP.PCAP.CD,KOR,2023,35674.095995632
NY.GDP.PCAP.CD,KOR,2022,34822.4048404971
NY.GDP.PCAP.CD,KOR,2021,37518.4635305697
NY.GDP.PCAP.CD,KOR,2020,33645.7719545073
NY.GDP.PCAP.CD,KOR,2019,33826.9443301597
NY.GDP.PCAP.CD,KOR,2018,35363.9508228687
NY.GDP.PCAP.PP.CD,USA,2025,90026.5163005744
NY.GDP.PCAP.PP.CD,USA,2024,86169.6641581914
NY.GDP.PCAP.PP.CD,USA,2023,82586.7847707891
NY.GDP.PCAP.PP.CD,USA,2022,78008.6895811877
NY.GDP.PCAP.PP.CD,USA,2021,71441.231980595
NY.GDP.PCAP.PP.CD,USA,2020,64465.2971415748
NY.GDP.PCAP.PP.CD,USA,2019,65227.9565911038
NY.GDP.PCAP.PP.CD,USA,2018,62875.6661382728
NY.GDP.PCAP.PP.CD,JPN,2025,55421.8797530311
NY.GDP.PCAP.PP.CD,JPN,2024,54156.2687689605
NY.GDP.PCAP.PP.CD,JPN,2023,52726.2389417641
NY.GDP.PCAP.PP.CD,JPN,2022,49245.964174373
NY.GDP.PCAP.PP.CD,JPN,2021,45999.4617966896
NY.GDP.PCAP.PP.CD,JPN,2020,43560.021428549
NY.GDP.PCAP.PP.CD,JPN,2019,43743.5313931194
NY.GDP.PCAP.PP.CD,JPN,2018,43090.0699981402
NY.GDP.PCAP.PP.CD,DEU,2025,75406.6888111618
NY.GDP.PCAP.PP.CD,DEU,2024,73957.0012170966
NY.GDP.PCAP.PP.CD,DEU,2023,72262.2235142279
NY.GDP.PCAP.PP.CD,DEU,2022,69669.6495435563
NY.GDP.PCAP.PP.CD,DEU,2021,62630.7748127737
NY.GDP.PCAP.PP.CD,DEU,2020,58704.5861986404
NY.GDP.PCAP.PP.CD,DEU,2019,59310.9693966204
NY.GDP.PCAP.PP.CD,DEU,2018,56320.6026829454
NY.GDP.PCAP.PP.CD,FRA,2025,63975.353585864
NY.GDP.PCAP.PP.CD,FRA,2024,62524.5434134804
NY.GDP.PCAP.PP.CD,FRA,2023,60927.0361517867
NY.GDP.PCAP.PP.CD,FRA,2022,57012.0586826676
NY.GDP.PCAP.PP.CD,FRA,2021,52517.3354905855
NY.GDP.PCAP.PP.CD,FRA,2020,49481.8044309655
NY.GDP.PCAP.PP.CD,FRA,2019,51130.4723140578
NY.GDP.PCAP.PP.CD,FRA,2018,46381.0590629457
NY.GDP.PCAP.PP.CD,GBR,2025,64606.4955066338
NY.GDP.PCAP.PP.CD,GBR,2024,62839.4679324927
NY.GDP.PCAP.PP.CD,GBR,2023,60786.7193353069
NY.GDP.PCAP.PP.CD,GBR,2022,60266.7467325014
NY.GDP.PCAP.PP.CD,GBR,2021,51840.4424245515
NY.GDP.PCAP.PP.CD,GBR,2020,48719.8339897935
NY.GDP.PCAP.PP.CD,GBR,2019,50493.9441896153
NY.GDP.PCAP.PP.CD,GBR,2018,47636.0128366551
NY.GDP.PCAP.PP.CD,ITA,2025,62802.5108384276
NY.GDP.PCAP.PP.CD,ITA,2024,62292.9012423008
NY.GDP.PCAP.PP.CD,ITA,2023,60349.664512107
NY.GDP.PCAP.PP.CD,ITA,2022,57260.8945372493
NY.GDP.PCAP.PP.CD,ITA,2021,49825.3934111848
NY.GDP.PCAP.PP.CD,ITA,2020,44435.6434393527
NY.GDP.PCAP.PP.CD,ITA,2019,46661.9105159611
NY.GDP.PCAP.PP.CD,ITA,2018,43583.3823241172
NY.GDP.PCAP.PP.CD,CAN,2025,66745.8248561648
NY.GDP.PCAP.PP.CD,CAN,2024,65482.9454728344
NY.GDP.PCAP.PP.CD,CAN,2023,64962.1919440095
NY.GDP.PCAP.PP.CD,CAN,2022,64217.0443455227
NY.GDP.PCAP.PP.CD,CAN,2021,56995.0952020711
NY.GDP.PCAP.PP.CD,CAN,2020,48590.748859725
NY.GDP.PCAP.PP.CD,CAN,2019,50499.0822425462
NY.GDP.PCAP.PP.CD,CAN,2018,49982.6446255492
NY.GDP.PCAP.PP.CD,CHE,2025,102513.347221899
NY.GDP.PCAP.PP.CD,CHE,2024,97467.7447151829
NY.GDP.PCAP.PP.CD,CHE,2023,93939.7784980038
NY.GDP.PCAP.PP.CD,CHE,2022,94629.7224204886
NY.GDP.PCAP.PP.CD,CHE,2021,83524.9832880195
NY.GDP.PCAP.PP.CD,CHE,2020,74384.6631232325
NY.GDP.PCAP.PP.CD,CHE,2019,75267.0079269626
NY.GDP.PCAP.PP.CD,CHE,2018,72169.4717767024
NY.GDP.PCAP.PP.CD,AUS,2025,71934.4033931263
NY.GDP.PCAP.PP.CD,AUS,2024,72117.8826659555
NY.GDP.PCAP.PP.CD,AUS,2023,72272.7092136683
NY.GDP.PCAP.PP.CD,AUS,2022,66103.1797066957
NY.GDP.PCAP.PP.CD,AUS,2021,58327.4146842325
NY.GDP.PCAP.PP.CD,AUS,2020,54184.1614486854
NY.GDP.PCAP.PP.CD,AUS,2019,52885.8313816377
NY.GDP.PCAP.PP.CD,AUS,2018,50371.233830782
NY.GDP.PCAP.PP.CD,KOR,2025,63124.9152183625
NY.GDP.PCAP.PP.CD,KOR,2024,61051.3492502498
NY.GDP.PCAP.PP.CD,KOR,2023,57429.8031076402
NY.GDP.PCAP.PP.CD,KOR,2022,55509.3368761174
NY.GDP.PCAP.PP.CD,KOR,2021,51718.2518656631
NY.GDP.PCAP.PP.CD,KOR,2020,47881.4921344193
NY.GDP.PCAP.PP.CD,KOR,2019,46511.2196957018
NY.GDP.PCAP.PP.CD,KOR,2018,45511.0803506331
SP.POP.TOTL,USA,2025,341784857.0
SP.POP.TOTL,USA,2024,340003797.0
SP.POP.TOTL,USA,2023,336755052.0
SP.POP.TOTL,USA,2022,333996304.0
SP.POP.TOTL,USA,2021,332100166.0
SP.POP.TOTL,USA,2020,331578104.0
SP.POP.TOTL,USA,2019,330226227.0
SP.POP.TOTL,USA,2018,328529577.0
SP.POP.TOTL,JPN,2025,123366734.0
SP.POP.TOTL,JPN,2024,123975371.0
SP.POP.TOTL,JPN,2023,124516650.0
SP.POP.TOTL,JPN,2022,125124989.0
SP.POP.TOTL,JPN,2021,125681593.0
SP.POP.TOTL,JPN,2020,126261000.0
SP.POP.TOTL,JPN,2019,126633000.0
SP.POP.TOTL,JPN,2018,126811000.0
SP.POP.TOTL,DEU,2025,83491249.0
SP.POP.TOTL,DEU,2024,83516593.0
SP.POP.TOTL,DEU,2023,83287273.0
SP.POP.TOTL,DEU,2022,83177813.0
SP.POP.TOTL,DEU,2021,83196078.0
SP.POP.TOTL,DEU,2020,83160871.0
SP.POP.TOTL,DEU,2019,83092962.0
SP.POP.TOTL,DEU,2018,82905782.0
SP.POP.TOTL,FRA,2025,68720337.0
SP.POP.TOTL,FRA,2024,68551653.0
SP.POP.TOTL,FRA,2023,68372286.0
SP.POP.TOTL,FRA,2022,68184457.0
SP.POP.TOTL,FRA,2021,67842811.0
SP.POP.TOTL,FRA,2020,67601110.0
SP.POP.TOTL,FRA,2019,67382061.0
SP.POP.TOTL,FRA,2018,67158348.0
SP.POP.TOTL,GBR,2025,69487000.0
SP.POP.TOTL,GBR,2024,69281000.0
SP.POP.TOTL,GBR,2023,68526000.0
SP.POP.TOTL,GBR,2022,67636000.0
SP.POP.TOTL,GBR,2021,66978000.0
SP.POP.TOTL,GBR,2020,66740000.0
SP.POP.TOTL,GBR,2019,66628000.0
SP.POP.TOTL,GBR,2018,66287000.0
SP.POP.TOTL,ITA,2025,58915656.0
SP.POP.TOTL,ITA,2024,58952704.0
SP.POP.TOTL,ITA,2023,58984216.0
SP.POP.TOTL,ITA,2022,59013667.0
SP.POP.TOTL,ITA,2021,59133173.0
SP.POP.TOTL,ITA,2020,59438851.0
SP.POP.TOTL,ITA,2019,59729081.0
SP.POP.TOTL,ITA,2018,59877221.0
SP.POP.TOTL,CAN,2025,41651653.0
SP.POP.TOTL,CAN,2024,41262329.0
SP.POP.TOTL,CAN,2023,40049088.0
SP.POP.TOTL,CAN,2022,38950132.0
SP.POP.TOTL,CAN,2021,38239864.0
SP.POP.TOTL,CAN,2020,38028638.0
SP.POP.TOTL,CAN,2019,37618495.0
SP.POP.TOTL,CAN,2018,37072620.0
SP.POP.TOTL,CHE,2025,9092436.0
SP.POP.TOTL,CHE,2024,9005582.0
SP.POP.TOTL,CHE,2023,8888822.0
SP.POP.TOTL,CHE,2022,8777088.0
SP.POP.TOTL,CHE,2021,8704546.0
SP.POP.TOTL,CHE,2020,8638167.0
SP.POP.TOTL,CHE,2019,8575280.0
SP.POP.TOTL,CHE,2018,8514329.0
SP.POP.TOTL,AUS,2025,27614411.0
SP.POP.TOTL,AUS,2024,27194286.0
SP.POP.TOTL,AUS,2023,26659922.0
SP.POP.TOTL,AUS,2022,26018721.0
SP.POP.TOTL,AUS,2021,25685412.0
SP.POP.TOTL,AUS,2020,25649248.0
SP.POP.TOTL,AUS,2019,25334826.0
SP.POP.TOTL,AUS,2018,24963258.0
SP.POP.TOTL,KOR,2025,51684564.0
SP.POP.TOTL,KOR,2024,51751065.0
SP.POP.TOTL,KOR,2023,51712619.0
SP.POP.TOTL,KOR,2022,51672569.0
SP.POP.TOTL,KOR,2021,51769539.0
SP.POP.TOTL,KOR,2020,51836239.0
SP.POP.TOTL,KOR,2019,51764822.0
SP.POP.TOTL,KOR,2018,51585058.0
NY.GDP.MKTP.CN,USA,2025,30769700000000.0
NY.GDP.MKTP.CN,USA,2024,29298013000000.0
NY.GDP.MKTP.CN,USA,2023,27811517000000.0
NY.GDP.MKTP.CN,USA,2022,26054614000000.0
NY.GDP.MKTP.CN,USA,2021,23725645000000.0
NY.GDP.MKTP.CN,USA,2020,21375281000000.0
NY.GDP.MKTP.CN,USA,2019,21539982000000.0
NY.GDP.MKTP.CN,USA,2018,20656516000000.0
NY.GDP.MKTP.CN,JPN,2025,663757300000000.0
NY.GDP.MKTP.CN,JPN,2024,634226000000000.0
NY.GDP.MKTP.CN,JPN,2023,616033000000000.0
NY.GDP.MKTP.CN,JPN,2022,584900600000000.0
NY.GDP.MKTP.CN,JPN,2021,573568800000000.0
NY.GDP.MKTP.CN,JPN,2020,554074400000000.0
NY.GDP.MKTP.CN,JPN,2019,571838000000000.0
NY.GDP.MKTP.CN,JPN,2018,569153500000000.0
NY.GDP.MKTP.CN,DEU,2025,4469910000000.0
NY.GDP.MKTP.CN,DEU,2024,4328970000000.0
NY.GDP.MKTP.CN,DEU,2023,4219310000000.0
NY.GDP.MKTP.CN,DEU,2022,3989390000000.0
NY.GDP.MKTP.CN,DEU,2021,3682340000000.0
NY.GDP.MKTP.CN,DEU,2020,3450720000000.0
NY.GDP.MKTP.CN,DEU,2019,3537280000000.0
NY.GDP.MKTP.CN,DEU,2018,3434030000000.0
NY.GDP.MKTP.CN,FRA,2025,2979085100000.0
NY.GDP.MKTP.CN,FRA,2024,2919899900000.0
NY.GDP.MKTP.CN,FRA,2023,2826541500000.0
NY.GDP.MKTP.CN,FRA,2022,2653997200000.0
NY.GDP.MKTP.CN,FRA,2021,2508102300000.0
NY.GDP.MKTP.CN,FRA,2020,2318276200000.0
NY.GDP.MKTP.CN,FRA,2019,2432206800000.0
NY.GDP.MKTP.CN,FRA,2018,2355362800000.0
NY.GDP.MKTP.CN,GBR,2025,3039861000000.0
NY.GDP.MKTP.CN,GBR,2024,2891444000000.0
NY.GDP.MKTP.CN,GBR,2023,2752164000000.0
NY.GDP.MKTP.CN,GBR,2022,2580949000000.0
NY.GDP.MKTP.CN,GBR,2021,2322652000000.0
NY.GDP.MKTP.CN,GBR,2020,2124720000000.0
NY.GDP.MKTP.CN,GBR,2019,2252961000000.0
NY.GDP.MKTP.CN,GBR,2018,2171559000000.0
NY.GDP.MKTP.CN,ITA,2025,2258048700000.0
NY.GDP.MKTP.CN,ITA,2024,2202031200000.0
NY.GDP.MKTP.CN,ITA,2023,2142744400000.0
NY.GDP.MKTP.CN,ITA,2022,1998072600000.0
NY.GDP.MKTP.CN,ITA,2021,1842507400000.0
NY.GDP.MKTP.CN,ITA,2020,1670011900000.0
NY.GDP.MKTP.CN,ITA,2019,1804066800000.0
NY.GDP.MKTP.CN,ITA,2018,1777744400000.0
NY.GDP.MKTP.CN,CAN,2025,3243465000000.0
NY.GDP.MKTP.CN,CAN,2024,3108551000000.0
NY.GDP.MKTP.CN,CAN,2023,2965201000000.0
NY.GDP.MKTP.CN,CAN,2022,2864153000000.0
NY.GDP.MKTP.CN,CAN,2021,2535813000000.0
NY.GDP.MKTP.CN,CAN,2020,2220529000000.0
NY.GDP.MKTP.CN,CAN,2019,2313568000000.0
NY.GDP.MKTP.CN,CAN,2018,2235674000000.0
NY.GDP.MKTP.CN,CHE,2025,867544669000.0
NY.GDP.MKTP.CN,CHE,2024,853956985000.0
NY.GDP.MKTP.CN,CHE,2023,834189811000.0
NY.GDP.MKTP.CN,CHE,2022,819703687000.0
NY.GDP.MKTP.CN,CHE,2021,768279352000.0
NY.GDP.MKTP.CN,CHE,2020,709854598000.0
NY.GDP.MKTP.CN,CHE,2019,731800769000.0
NY.GDP.MKTP.CN,CHE,2018,724383245000.0
NY.GDP.MKTP.CN,AUS,2025,2778897000000.0
NY.GDP.MKTP.CN,AUS,2024,2680025000000.0
NY.GDP.MKTP.CN,AUS,2023,2577013000000.0
NY.GDP.MKTP.CN,AUS,2022,2336902000000.0
NY.GDP.MKTP.CN,AUS,2021,2091023000000.0
NY.GDP.MKTP.CN,AUS,2020,1989006000000.0
NY.GDP.MKTP.CN,AUS,2019,1955185000000.0
NY.GDP.MKTP.CN,AUS,2018,1848929000000.0
NY.GDP.MKTP.CN,KOR,2025,2663342600000000.0
NY.GDP.MKTP.CN,KOR,2024,2556857400000000.0
NY.GDP.MKTP.CN,KOR,2023,2408687400000000.0
NY.GDP.MKTP.CN,KOR,2022,2323781500000000.0
NY.GDP.MKTP.CN,KOR,2021,2221912900000000.0
NY.GDP.MKTP.CN,KOR,2020,2058466500000000.0
NY.GDP.MKTP.CN,KOR,2019,2040594300000000.0
NY.GDP.MKTP.CN,KOR,2018,2006974500000000.0
PA.NUS.PPP,USA,2025,1.0
PA.NUS.PPP,USA,2024,1.0
PA.NUS.PPP,USA,2023,1.0
PA.NUS.PPP,USA,2022,1.0
PA.NUS.PPP,USA,2021,1.0
PA.NUS.PPP,USA,2020,1.0
PA.NUS.PPP,USA,2019,1.0
PA.NUS.PPP,USA,2018,1.0
PA.NUS.PPP,JPN,2025,97.08005
PA.NUS.PPP,JPN,2024,94.462599
PA.NUS.PPP,JPN,2023,93.831737
PA.NUS.PPP,JPN,2022,94.922107
PA.NUS.PPP,JPN,2021,99.211289
PA.NUS.PPP,JPN,2020,100.742048
PA.NUS.PPP,JPN,2019,103.231509
PA.NUS.PPP,JPN,2018,104.158636
PA.NUS.PPP,DEU,2025,0.709983
PA.NUS.PPP,DEU,2024,0.700862
PA.NUS.PPP,DEU,2023,0.701054
PA.NUS.PPP,DEU,2022,0.688423
PA.NUS.PPP,DEU,2021,0.706697
PA.NUS.PPP,DEU,2020,0.706836
PA.NUS.PPP,DEU,2019,0.717745
PA.NUS.PPP,DEU,2018,0.735448
PA.NUS.PPP,FRA,2025,0.677618
PA.NUS.PPP,FRA,2024,0.681239
PA.NUS.PPP,FRA,2023,0.678524
PA.NUS.PPP,FRA,2022,0.682729
PA.NUS.PPP,FRA,2021,0.703945
PA.NUS.PPP,FRA,2020,0.693052
PA.NUS.PPP,FRA,2019,0.705954
PA.NUS.PPP,FRA,2018,0.756166
PA.NUS.PPP,GBR,2025,0.677133
PA.NUS.PPP,GBR,2024,0.664153
PA.NUS.PPP,GBR,2023,0.660709
PA.NUS.PPP,GBR,2022,0.633175
PA.NUS.PPP,GBR,2021,0.668934
PA.NUS.PPP,GBR,2020,0.653446
PA.NUS.PPP,GBR,2019,0.669665
PA.NUS.PPP,GBR,2018,0.687714
PA.NUS.PPP,ITA,2025,0.610275
PA.NUS.PPP,ITA,2024,0.599627
PA.NUS.PPP,ITA,2023,0.601949
PA.NUS.PPP,ITA,2022,0.59129
PA.NUS.PPP,ITA,2021,0.625356
PA.NUS.PPP,ITA,2020,0.632292
PA.NUS.PPP,ITA,2019,0.647298
PA.NUS.PPP,ITA,2018,0.681219
PA.NUS.PPP,CAN,2025,1.166683
PA.NUS.PPP,CAN,2024,1.150472
PA.NUS.PPP,CAN,2023,1.139727
PA.NUS.PPP,CAN,2022,1.145083
PA.NUS.PPP,CAN,2021,1.163492
PA.NUS.PPP,CAN,2020,1.201689
PA.NUS.PPP,CAN,2019,1.21786
PA.NUS.PPP,CAN,2018,1.206524
PA.NUS.PPP,CHE,2025,0.930746
PA.NUS.PPP,CHE,2024,0.972889
PA.NUS.PPP,CHE,2023,0.999013
PA.NUS.PPP,CHE,2022,0.986913
PA.NUS.PPP,CHE,2021,1.056712
PA.NUS.PPP,CHE,2020,1.104751
PA.NUS.PPP,CHE,2019,1.133809
PA.NUS.PPP,CHE,2018,1.178866
PA.NUS.PPP,AUS,2025,1.398943
PA.NUS.PPP,AUS,2024,1.366527
PA.NUS.PPP,AUS,2023,1.337468
PA.NUS.PPP,AUS,2022,1.358727
PA.NUS.PPP,AUS,2021,1.395724
PA.NUS.PPP,AUS,2020,1.431163
PA.NUS.PPP,AUS,2019,1.459253
PA.NUS.PPP,AUS,2018,1.470403
PA.NUS.PPP,KOR,2025,816.329274
PA.NUS.PPP,KOR,2024,809.26722
PA.NUS.PPP,KOR,2023,811.048042
PA.NUS.PPP,KOR,2022,810.157015
PA.NUS.PPP,KOR,2021,829.867766
PA.NUS.PPP,KOR,2020,829.359157
PA.NUS.PPP,KOR,2019,847.547829
PA.NUS.PPP,KOR,2018,854.871397
